Folder,File name,Plain-language description,State/Region,Century,Emissions scenario,Season,Format,Date (file modified),Note
Late-Century/Annual,LC_SSP370_AK_Annual_Precip_070526.aix,"Alaska, Late-Century, High emissions (SSP3-7.0), Annual",Alaska,Late-Century,High emissions (SSP3-7.0),Annual,ArcGIS AIX data file,7/6/26,
Late-Century/Annual,LC_SSP370_AK_Annual_Precip_070526.jpg,"Alaska, Late-Century, High emissions (SSP3-7.0), Annual",Alaska,Late-Century,High emissions (SSP3-7.0),Annual,JPEG preview image,7/6/26,
Late-Century/Fall (SON),LC_SSP370_AK_SON_Precip_070526.aix,"Alaska, Late-Century, High emissions (SSP3-7.0), Fall (SON)",Alaska,Late-Century,High emissions (SSP3-7.0),Fall (SON),ArcGIS AIX data file,7/6/26,
Late-Century/Fall (SON),LC_SSP370_AK_SON_Precip_070526.jpg,"Alaska, Late-Century, High emissions (SSP3-7.0), Fall (SON)",Alaska,Late-Century,High emissions (SSP3-7.0),Fall (SON),JPEG preview image,7/6/26,
Late-Century/Spring (MAM),LC_SSP370_AK_MAM_Precip_070526.aix,"Alaska, Late-Century, High emissions (SSP3-7.0), Spring (MAM)",Alaska,Late-Century,High emissions (SSP3-7.0),Spring (MAM),ArcGIS AIX data file,7/6/26,
Late-Century/Spring (MAM),LC_SSP370_AK_MAM_Precip_070526.jpg,"Alaska, Late-Century, High emissions (SSP3-7.0), Spring (MAM)",Alaska,Late-Century,High emissions (SSP3-7.0),Spring (MAM),JPEG preview image,7/6/26,
Late-Century/Summer (JJA),LC_SSP370_AK_JJA_Precip_070526.aix,"Alaska, Late-Century, High emissions (SSP3-7.0), Summer (JJA)",Alaska,Late-Century,High emissions (SSP3-7.0),Summer (JJA),ArcGIS AIX data file,7/6/26,
Late-Century/Summer (JJA),LC_SSP370_AK_JJA_Precip_070526.jpg,"Alaska, Late-Century, High emissions (SSP3-7.0), Summer (JJA)",Alaska,Late-Century,High emissions (SSP3-7.0),Summer (JJA),JPEG preview image,7/6/26,
Late-Century/Winter (DJF),LC_SSP370_AK_DJF_Precip_070526.aix,"Alaska, Late-Century, High emissions (SSP3-7.0), Winter (DJF)",Alaska,Late-Century,High emissions (SSP3-7.0),Winter (DJF),ArcGIS AIX data file,7/6/26,
Late-Century/Winter (DJF),LC_SSP370_AK_DJF_Precip_070526.jpg,"Alaska, Late-Century, High emissions (SSP3-7.0), Winter (DJF)",Alaska,Late-Century,High emissions (SSP3-7.0),Winter (DJF),JPEG preview image,7/6/26,
Late-Century/Annual,LC_SSP245_AK_Annual_Precip_070526.aix,"Alaska, Late-Century, Intermediate emissions (SSP2-4.5), Annual",Alaska,Late-Century,Intermediate emissions (SSP2-4.5),Annual,ArcGIS AIX data file,7/5/26,
Late-Century/Annual,LC_SSP245_AK_Annual_Precip_070526.jpg,"Alaska, Late-Century, Intermediate emissions (SSP2-4.5), Annual",Alaska,Late-Century,Intermediate emissions (SSP2-4.5),Annual,JPEG preview image,7/5/26,
Late-Century/Fall (SON),LC_SSP245_AK_SON_Precip_070526.aix,"Alaska, Late-Century, Intermediate emissions (SSP2-4.5), Fall (SON)",Alaska,Late-Century,Intermediate emissions (SSP2-4.5),Fall (SON),ArcGIS AIX data file,7/5/26,
Late-Century/Fall (SON),LC_SSP245_AK_SON_Precip_070526.jpg,"Alaska, Late-Century, Intermediate emissions (SSP2-4.5), Fall (SON)",Alaska,Late-Century,Intermediate emissions (SSP2-4.5),Fall (SON),JPEG preview image,7/5/26,
Late-Century/Spring (MAM),LC_SSP245_AK_MAM_Precip_070526.aix,"Alaska, Late-Century, Intermediate emissions (SSP2-4.5), Spring (MAM)",Alaska,Late-Century,Intermediate emissions (SSP2-4.5),Spring (MAM),ArcGIS AIX data file,7/5/26,
Late-Century/Spring (MAM),LC_SSP245_AK_MAM_Precip_070526.jpg,"Alaska, Late-Century, Intermediate emissions (SSP2-4.5), Spring (MAM)",Alaska,Late-Century,Intermediate emissions (SSP2-4.5),Spring (MAM),JPEG preview image,7/5/26,
Late-Century/Summer (JJA),LC_SSP245_AK_JJA_Precip_070526.aix,"Alaska, Late-Century, Intermediate emissions (SSP2-4.5), Summer (JJA)",Alaska,Late-Century,Intermediate emissions (SSP2-4.5),Summer (JJA),ArcGIS AIX data file,7/5/26,
Late-Century/Summer (JJA),LC_SSP245_AK_JJA_Precip_070526.jpg,"Alaska, Late-Century, Intermediate emissions (SSP2-4.5), Summer (JJA)",Alaska,Late-Century,Intermediate emissions (SSP2-4.5),Summer (JJA),JPEG preview image,7/5/26,
Late-Century/Winter (DJF),LC_SSP245_AK_DJF_Precip_070526.aix,"Alaska, Late-Century, Intermediate emissions (SSP2-4.5), Winter (DJF)",Alaska,Late-Century,Intermediate emissions (SSP2-4.5),Winter (DJF),ArcGIS AIX data file,7/5/26,
Late-Century/Winter (DJF),LC_SSP245_AK_DJF_Precip_070526.jpg,"Alaska, Late-Century, Intermediate emissions (SSP2-4.5), Winter (DJF)",Alaska,Late-Century,Intermediate emissions (SSP2-4.5),Winter (DJF),JPEG preview image,7/5/26,
Late-Century/Annual,LC_SSP126_AK_Annual_Precip_070526.aix,"Alaska, Late-Century, Low emissions (SSP1-2.6), Annual",Alaska,Late-Century,Low emissions (SSP1-2.6),Annual,ArcGIS AIX data file,7/5/26,
Late-Century/Annual,LC_SSP126_AK_Annual_Precip_070526.jpg,"Alaska, Late-Century, Low emissions (SSP1-2.6), Annual",Alaska,Late-Century,Low emissions (SSP1-2.6),Annual,JPEG preview image,7/5/26,
Late-Century/Fall (SON),LC_SSP126_AK_SON_Precip_070526.aix,"Alaska, Late-Century, Low emissions (SSP1-2.6), Fall (SON)",Alaska,Late-Century,Low emissions (SSP1-2.6),Fall (SON),ArcGIS AIX data file,7/5/26,
Late-Century/Fall (SON),LC_SSP126_AK_SON_Precip_070526.jpg,"Alaska, Late-Century, Low emissions (SSP1-2.6), Fall (SON)",Alaska,Late-Century,Low emissions (SSP1-2.6),Fall (SON),JPEG preview image,7/5/26,
Late-Century/Spring (MAM),LC_SSP126_AK_MAM_Precip_070526.aix,"Alaska, Late-Century, Low emissions (SSP1-2.6), Spring (MAM)",Alaska,Late-Century,Low emissions (SSP1-2.6),Spring (MAM),ArcGIS AIX data file,7/5/26,
Late-Century/Spring (MAM),LC_SSP126_AK_MAM_Precip_070526.jpg,"Alaska, Late-Century, Low emissions (SSP1-2.6), Spring (MAM)",Alaska,Late-Century,Low emissions (SSP1-2.6),Spring (MAM),JPEG preview image,7/5/26,
Late-Century/Summer (JJA),LC_SSP126_AK_JJA_Precip_070526.aix,"Alaska, Late-Century, Low emissions (SSP1-2.6), Summer (JJA)",Alaska,Late-Century,Low emissions (SSP1-2.6),Summer (JJA),ArcGIS AIX data file,7/5/26,
Late-Century/Summer (JJA),LC_SSP126_AK_JJA_Precip_070526.jpg,"Alaska, Late-Century, Low emissions (SSP1-2.6), Summer (JJA)",Alaska,Late-Century,Low emissions (SSP1-2.6),Summer (JJA),JPEG preview image,7/5/26,
Late-Century/Winter (DJF),LC_SSP126_AK_DJF_Precip_070526.aix,"Alaska, Late-Century, Low emissions (SSP1-2.6), Winter (DJF)",Alaska,Late-Century,Low emissions (SSP1-2.6),Winter (DJF),ArcGIS AIX data file,7/5/26,
Late-Century/Winter (DJF),LC_SSP126_AK_DJF_Precip_070526.jpg,"Alaska, Late-Century, Low emissions (SSP1-2.6), Winter (DJF)",Alaska,Late-Century,Low emissions (SSP1-2.6),Winter (DJF),JPEG preview image,7/5/26,
Late-Century/Annual,LC_SSP585_AK_Annual_Precip_070526.aix,"Alaska, Late-Century, Very high emissions (SSP5-8.5), Annual",Alaska,Late-Century,Very high emissions (SSP5-8.5),Annual,ArcGIS AIX data file,7/6/26,
Late-Century/Annual,LC_SSP585_AK_Annual_Precip_070526.jpg,"Alaska, Late-Century, Very high emissions (SSP5-8.5), Annual",Alaska,Late-Century,Very high emissions (SSP5-8.5),Annual,JPEG preview image,7/6/26,
Late-Century/Fall (SON),LC_SSP585_AK_SON_Precip_070526.aix,"Alaska, Late-Century, Very high emissions (SSP5-8.5), Fall (SON)",Alaska,Late-Century,Very high emissions (SSP5-8.5),Fall (SON),ArcGIS AIX data file,7/6/26,
Late-Century/Fall (SON),LC_SSP585_AK_SON_Precip_070526.jpg,"Alaska, Late-Century, Very high emissions (SSP5-8.5), Fall (SON)",Alaska,Late-Century,Very high emissions (SSP5-8.5),Fall (SON),JPEG preview image,7/6/26,
Late-Century/Spring (MAM),LC_SSP585_AK_MAM_Precip_070526.aix,"Alaska, Late-Century, Very high emissions (SSP5-8.5), Spring (MAM)",Alaska,Late-Century,Very high emissions (SSP5-8.5),Spring (MAM),ArcGIS AIX data file,7/6/26,
Late-Century/Spring (MAM),LC_SSP585_AK_MAM_Precip_070526.jpg,"Alaska, Late-Century, Very high emissions (SSP5-8.5), Spring (MAM)",Alaska,Late-Century,Very high emissions (SSP5-8.5),Spring (MAM),JPEG preview image,7/6/26,
Late-Century/Summer (JJA),LC_SSP585_AK_JJA_Precip_070526.aix,"Alaska, Late-Century, Very high emissions (SSP5-8.5), Summer (JJA)",Alaska,Late-Century,Very high emissions (SSP5-8.5),Summer (JJA),ArcGIS AIX data file,7/6/26,
Late-Century/Summer (JJA),LC_SSP585_AK_JJA_Precip_070526.jpg,"Alaska, Late-Century, Very high emissions (SSP5-8.5), Summer (JJA)",Alaska,Late-Century,Very high emissions (SSP5-8.5),Summer (JJA),JPEG preview image,7/6/26,
Late-Century/Winter (DJF),LC_SSP585_AK_DJF_Precip_070526.aix,"Alaska, Late-Century, Very high emissions (SSP5-8.5), Winter (DJF)",Alaska,Late-Century,Very high emissions (SSP5-8.5),Winter (DJF),ArcGIS AIX data file,7/6/26,
Late-Century/Winter (DJF),LC_SSP585_AK_DJF_Precip_070526.jpg,"Alaska, Late-Century, Very high emissions (SSP5-8.5), Winter (DJF)",Alaska,Late-Century,Very high emissions (SSP5-8.5),Winter (DJF),JPEG preview image,7/6/26,
Mid-Century/Annual,MC_SSP370_AK_Annual_Precip_070526.aix,"Alaska, Mid-Century, High emissions (SSP3-7.0), Annual",Alaska,Mid-Century,High emissions (SSP3-7.0),Annual,ArcGIS AIX data file,7/6/26,
Mid-Century/Annual,MC_SSP370_AK_Annual_Precip_070526.jpg,"Alaska, Mid-Century, High emissions (SSP3-7.0), Annual",Alaska,Mid-Century,High emissions (SSP3-7.0),Annual,JPEG preview image,7/6/26,
Mid-Century/Fall (SON),MC_SSP370_AK_SON_Precip_070526.aix,"Alaska, Mid-Century, High emissions (SSP3-7.0), Fall (SON)",Alaska,Mid-Century,High emissions (SSP3-7.0),Fall (SON),ArcGIS AIX data file,7/6/26,
Mid-Century/Fall (SON),MC_SSP370_AK_SON_Precip_070526.jpg,"Alaska, Mid-Century, High emissions (SSP3-7.0), Fall (SON)",Alaska,Mid-Century,High emissions (SSP3-7.0),Fall (SON),JPEG preview image,7/6/26,
Mid-Century/Spring (MAM),MC_SSP370_AK_MAM_Precip_070526.aix,"Alaska, Mid-Century, High emissions (SSP3-7.0), Spring (MAM)",Alaska,Mid-Century,High emissions (SSP3-7.0),Spring (MAM),ArcGIS AIX data file,7/6/26,
Mid-Century/Spring (MAM),MC_SSP370_AK_MAM_Precip_070526.jpg,"Alaska, Mid-Century, High emissions (SSP3-7.0), Spring (MAM)",Alaska,Mid-Century,High emissions (SSP3-7.0),Spring (MAM),JPEG preview image,7/6/26,
Mid-Century/Summer (JJA),MC_SSP370_AK_JJA_Precip_070526.aix,"Alaska, Mid-Century, High emissions (SSP3-7.0), Summer (JJA)",Alaska,Mid-Century,High emissions (SSP3-7.0),Summer (JJA),ArcGIS AIX data file,7/6/26,
Mid-Century/Summer (JJA),MC_SSP370_AK_JJA_Precip_070526.jpg,"Alaska, Mid-Century, High emissions (SSP3-7.0), Summer (JJA)",Alaska,Mid-Century,High emissions (SSP3-7.0),Summer (JJA),JPEG preview image,7/6/26,
Mid-Century/Winter (DJF),MC_SSP370_AK_DJF_Precip_070526.aix,"Alaska, Mid-Century, High emissions (SSP3-7.0), Winter (DJF)",Alaska,Mid-Century,High emissions (SSP3-7.0),Winter (DJF),ArcGIS AIX data file,7/6/26,
Mid-Century/Winter (DJF),MC_SSP370_AK_DJF_Precip_070526.jpg,"Alaska, Mid-Century, High emissions (SSP3-7.0), Winter (DJF)",Alaska,Mid-Century,High emissions (SSP3-7.0),Winter (DJF),JPEG preview image,7/6/26,
Mid-Century/Annual,MC_SSP245_AK_Annual_Precip_112125_v2.ai,"Alaska, Mid-Century, Intermediate emissions (SSP2-4.5), Annual",Alaska,Mid-Century,Intermediate emissions (SSP2-4.5),Annual,Adobe Illustrator source,11/24/25,
Mid-Century/Annual,MC_SSP245_AK_Annual_Precip_012226.aix,"Alaska, Mid-Century, Intermediate emissions (SSP2-4.5), Annual",Alaska,Mid-Century,Intermediate emissions (SSP2-4.5),Annual,ArcGIS AIX data file,1/22/26,
Mid-Century/Annual,MC_SSP245_AK_Annual_Precip_012226.jpg,"Alaska, Mid-Century, Intermediate emissions (SSP2-4.5), Annual",Alaska,Mid-Century,Intermediate emissions (SSP2-4.5),Annual,JPEG preview image,1/22/26,
Mid-Century/Fall (SON),MC_SSP245_AK_SON_Precip_012226.aix,"Alaska, Mid-Century, Intermediate emissions (SSP2-4.5), Fall (SON)",Alaska,Mid-Century,Intermediate emissions (SSP2-4.5),Fall (SON),ArcGIS AIX data file,1/23/26,
Mid-Century/Fall (SON),MC_SSP245_AK_SON_Precip_012226.jpg,"Alaska, Mid-Century, Intermediate emissions (SSP2-4.5), Fall (SON)",Alaska,Mid-Century,Intermediate emissions (SSP2-4.5),Fall (SON),JPEG preview image,1/23/26,
Mid-Century/Spring (MAM),MC_SSP245_AK_MAM_Precip_012226.aix,"Alaska, Mid-Century, Intermediate emissions (SSP2-4.5), Spring (MAM)",Alaska,Mid-Century,Intermediate emissions (SSP2-4.5),Spring (MAM),ArcGIS AIX data file,1/23/26,
Mid-Century/Spring (MAM),MC_SSP245_AK_MAM_Precip_012226.jpg,"Alaska, Mid-Century, Intermediate emissions (SSP2-4.5), Spring (MAM)",Alaska,Mid-Century,Intermediate emissions (SSP2-4.5),Spring (MAM),JPEG preview image,1/23/26,
Mid-Century/Summer (JJA),MC_SSP245_AK_JJA_Precip_012226.aix,"Alaska, Mid-Century, Intermediate emissions (SSP2-4.5), Summer (JJA)",Alaska,Mid-Century,Intermediate emissions (SSP2-4.5),Summer (JJA),ArcGIS AIX data file,1/23/26,
Mid-Century/Summer (JJA),MC_SSP245_AK_JJA_Precip_012226.jpg,"Alaska, Mid-Century, Intermediate emissions (SSP2-4.5), Summer (JJA)",Alaska,Mid-Century,Intermediate emissions (SSP2-4.5),Summer (JJA),JPEG preview image,1/23/26,
Mid-Century/Winter (DJF),MC_SSP245_AK_DJF_Precip_012226.aix,"Alaska, Mid-Century, Intermediate emissions (SSP2-4.5), Winter (DJF)",Alaska,Mid-Century,Intermediate emissions (SSP2-4.5),Winter (DJF),ArcGIS AIX data file,1/23/26,
Mid-Century/Winter (DJF),MC_SSP245_AK_DJF_Precip_012226.jpg,"Alaska, Mid-Century, Intermediate emissions (SSP2-4.5), Winter (DJF)",Alaska,Mid-Century,Intermediate emissions (SSP2-4.5),Winter (DJF),JPEG preview image,1/23/26,
Mid-Century/Annual,MC_SSP126_AK_Annual_Precip_070526.aix,"Alaska, Mid-Century, Low emissions (SSP1-2.6), Annual",Alaska,Mid-Century,Low emissions (SSP1-2.6),Annual,ArcGIS AIX data file,7/5/26,
Mid-Century/Annual,MC_SSP126_AK_Annual_Precip_070526.jpg,"Alaska, Mid-Century, Low emissions (SSP1-2.6), Annual",Alaska,Mid-Century,Low emissions (SSP1-2.6),Annual,JPEG preview image,7/5/26,
Mid-Century/Fall (SON),MC_SSP126_AK_SON_Precip_070526.aix,"Alaska, Mid-Century, Low emissions (SSP1-2.6), Fall (SON)",Alaska,Mid-Century,Low emissions (SSP1-2.6),Fall (SON),ArcGIS AIX data file,7/5/26,
Mid-Century/Fall (SON),MC_SSP126_AK_SON_Precip_070526.jpg,"Alaska, Mid-Century, Low emissions (SSP1-2.6), Fall (SON)",Alaska,Mid-Century,Low emissions (SSP1-2.6),Fall (SON),JPEG preview image,7/5/26,
Mid-Century/Spring (MAM),MC_SSP126_AK_MAM_Precip_070526.aix,"Alaska, Mid-Century, Low emissions (SSP1-2.6), Spring (MAM)",Alaska,Mid-Century,Low emissions (SSP1-2.6),Spring (MAM),ArcGIS AIX data file,7/5/26,
Mid-Century/Spring (MAM),MC_SSP126_AK_MAM_Precip_070526.jpg,"Alaska, Mid-Century, Low emissions (SSP1-2.6), Spring (MAM)",Alaska,Mid-Century,Low emissions (SSP1-2.6),Spring (MAM),JPEG preview image,7/5/26,
Mid-Century/Summer (JJA),MC_SSP126_AK_JJA_Precip_070526.aix,"Alaska, Mid-Century, Low emissions (SSP1-2.6), Summer (JJA)",Alaska,Mid-Century,Low emissions (SSP1-2.6),Summer (JJA),ArcGIS AIX data file,7/5/26,
Mid-Century/Summer (JJA),MC_SSP126_AK_JJA_Precip_070526.jpg,"Alaska, Mid-Century, Low emissions (SSP1-2.6), Summer (JJA)",Alaska,Mid-Century,Low emissions (SSP1-2.6),Summer (JJA),JPEG preview image,7/5/26,
Mid-Century/Winter (DJF),MC_SSP126_AK_DJF_Precip_070526.aix,"Alaska, Mid-Century, Low emissions (SSP1-2.6), Winter (DJF)",Alaska,Mid-Century,Low emissions (SSP1-2.6),Winter (DJF),ArcGIS AIX data file,7/5/26,
Mid-Century/Winter (DJF),MC_SSP126_AK_DJF_Precip_070526.jpg,"Alaska, Mid-Century, Low emissions (SSP1-2.6), Winter (DJF)",Alaska,Mid-Century,Low emissions (SSP1-2.6),Winter (DJF),JPEG preview image,7/5/26,
Mid-Century/Annual,MC_SSP585_AK_Annual_Precip_070526.aix,"Alaska, Mid-Century, Very high emissions (SSP5-8.5), Annual",Alaska,Mid-Century,Very high emissions (SSP5-8.5),Annual,ArcGIS AIX data file,7/6/26,
Mid-Century/Annual,MC_SSP585_AK_Annual_Precip_070526.jpg,"Alaska, Mid-Century, Very high emissions (SSP5-8.5), Annual",Alaska,Mid-Century,Very high emissions (SSP5-8.5),Annual,JPEG preview image,7/6/26,
Mid-Century/Fall (SON),MC_SSP585_AK_SON_Precip_070526.aix,"Alaska, Mid-Century, Very high emissions (SSP5-8.5), Fall (SON)",Alaska,Mid-Century,Very high emissions (SSP5-8.5),Fall (SON),ArcGIS AIX data file,7/6/26,
Mid-Century/Fall (SON),MC_SSP585_AK_SON_Precip_070526.jpg,"Alaska, Mid-Century, Very high emissions (SSP5-8.5), Fall (SON)",Alaska,Mid-Century,Very high emissions (SSP5-8.5),Fall (SON),JPEG preview image,7/6/26,
Mid-Century/Spring (MAM),MC_SSP585_AK_MAM_Precip_070526.aix,"Alaska, Mid-Century, Very high emissions (SSP5-8.5), Spring (MAM)",Alaska,Mid-Century,Very high emissions (SSP5-8.5),Spring (MAM),ArcGIS AIX data file,7/6/26,
Mid-Century/Spring (MAM),MC_SSP585_AK_MAM_Precip_070526.jpg,"Alaska, Mid-Century, Very high emissions (SSP5-8.5), Spring (MAM)",Alaska,Mid-Century,Very high emissions (SSP5-8.5),Spring (MAM),JPEG preview image,7/6/26,
Mid-Century/Summer (JJA),MC_SSP585_AK_JJA_Precip_070526.aix,"Alaska, Mid-Century, Very high emissions (SSP5-8.5), Summer (JJA)",Alaska,Mid-Century,Very high emissions (SSP5-8.5),Summer (JJA),ArcGIS AIX data file,7/6/26,
Mid-Century/Summer (JJA),MC_SSP585_AK_JJA_Precip_070526.jpg,"Alaska, Mid-Century, Very high emissions (SSP5-8.5), Summer (JJA)",Alaska,Mid-Century,Very high emissions (SSP5-8.5),Summer (JJA),JPEG preview image,7/6/26,
Mid-Century/Winter (DJF),MC_SSP585_AK_DJF_Precip_070526.aix,"Alaska, Mid-Century, Very high emissions (SSP5-8.5), Winter (DJF)",Alaska,Mid-Century,Very high emissions (SSP5-8.5),Winter (DJF),ArcGIS AIX data file,7/6/26,
Mid-Century/Winter (DJF),MC_SSP585_AK_DJF_Precip_070526.jpg,"Alaska, Mid-Century, Very high emissions (SSP5-8.5), Winter (DJF)",Alaska,Mid-Century,Very high emissions (SSP5-8.5),Winter (DJF),JPEG preview image,7/6/26,
Mid-Century/Annual,MC_SSP245_Precip_Annual_Arkansas.aix,"Arkansas, Mid-Century, Intermediate emissions (SSP2-4.5), Annual",Arkansas,Mid-Century,Intermediate emissions (SSP2-4.5),Annual,ArcGIS AIX data file,7/8/25,
Mid-Century/Annual,MC_SSP245_Precip_Annual_Arkansas.png,"Arkansas, Mid-Century, Intermediate emissions (SSP2-4.5), Annual",Arkansas,Mid-Century,Intermediate emissions (SSP2-4.5),Annual,PNG preview image,7/7/25,
Mid-Century/Fall (SON),MC_SSP245_Precip_Fall_Arkansas.aix,"Arkansas, Mid-Century, Intermediate emissions (SSP2-4.5), Fall (SON)",Arkansas,Mid-Century,Intermediate emissions (SSP2-4.5),Fall (SON),ArcGIS AIX data file,7/8/25,
Mid-Century/Fall (SON),MC_SSP245_Precip_Fall_Arkansas.png,"Arkansas, Mid-Century, Intermediate emissions (SSP2-4.5), Fall (SON)",Arkansas,Mid-Century,Intermediate emissions (SSP2-4.5),Fall (SON),PNG preview image,7/7/25,
Mid-Century/Spring (MAM),MC_SSP245_Precip_Spring_Arkansas.aix,"Arkansas, Mid-Century, Intermediate emissions (SSP2-4.5), Spring (MAM)",Arkansas,Mid-Century,Intermediate emissions (SSP2-4.5),Spring (MAM),ArcGIS AIX data file,7/8/25,
Mid-Century/Spring (MAM),MC_SSP245_Precip_Spring_Arkansas.png,"Arkansas, Mid-Century, Intermediate emissions (SSP2-4.5), Spring (MAM)",Arkansas,Mid-Century,Intermediate emissions (SSP2-4.5),Spring (MAM),PNG preview image,7/7/25,
Mid-Century/Summer (JJA),MC_SSP245_Precip_Summer_Arkansas.aix,"Arkansas, Mid-Century, Intermediate emissions (SSP2-4.5), Summer (JJA)",Arkansas,Mid-Century,Intermediate emissions (SSP2-4.5),Summer (JJA),ArcGIS AIX data file,7/8/25,
Mid-Century/Summer (JJA),MC_SSP245_Precip_Summer_Arkansas.png,"Arkansas, Mid-Century, Intermediate emissions (SSP2-4.5), Summer (JJA)",Arkansas,Mid-Century,Intermediate emissions (SSP2-4.5),Summer (JJA),PNG preview image,7/7/25,
Mid-Century/Winter (DJF),MC_SSP245_Precip_Winter_Arkansas.ai,"Arkansas, Mid-Century, Intermediate emissions (SSP2-4.5), Winter (DJF)",Arkansas,Mid-Century,Intermediate emissions (SSP2-4.5),Winter (DJF),Adobe Illustrator source,7/8/25,
Mid-Century/Winter (DJF),MC_SSP245_Precip_Winter_Arkansas.aix,"Arkansas, Mid-Century, Intermediate emissions (SSP2-4.5), Winter (DJF)",Arkansas,Mid-Century,Intermediate emissions (SSP2-4.5),Winter (DJF),ArcGIS AIX data file,7/8/25,
Mid-Century/Winter (DJF),MC_SSP245_Precip_Winter_Arkansas.png,"Arkansas, Mid-Century, Intermediate emissions (SSP2-4.5), Winter (DJF)",Arkansas,Mid-Century,Intermediate emissions (SSP2-4.5),Winter (DJF),PNG preview image,7/7/25,
Late-Century/Annual,LC_SSP370_Caribbean_Annual_Precip_070626.aix,"Caribbean (Puerto Rico & U.S. Virgin Islands), Late-Century, High emissions (SSP3-7.0), Annual",Caribbean (Puerto Rico & U.S. Virgin Islands),Late-Century,High emissions (SSP3-7.0),Annual,ArcGIS AIX data file,7/7/26,
Late-Century/Annual,LC_SSP370_Caribbean_Annual_Precip_070626.jpg,"Caribbean (Puerto Rico & U.S. Virgin Islands), Late-Century, High emissions (SSP3-7.0), Annual",Caribbean (Puerto Rico & U.S. Virgin Islands),Late-Century,High emissions (SSP3-7.0),Annual,JPEG preview image,7/7/26,
Late-Century/Fall (SON),LC_SSP370_Caribbean_SON_Precip_070626.aix,"Caribbean (Puerto Rico & U.S. Virgin Islands), Late-Century, High emissions (SSP3-7.0), Fall (SON)",Caribbean (Puerto Rico & U.S. Virgin Islands),Late-Century,High emissions (SSP3-7.0),Fall (SON),ArcGIS AIX data file,7/7/26,
Late-Century/Fall (SON),LC_SSP370_Caribbean_SON_Precip_070626.jpg,"Caribbean (Puerto Rico & U.S. Virgin Islands), Late-Century, High emissions (SSP3-7.0), Fall (SON)",Caribbean (Puerto Rico & U.S. Virgin Islands),Late-Century,High emissions (SSP3-7.0),Fall (SON),JPEG preview image,7/7/26,
Late-Century/Spring (MAM),LC_SSP370_Caribbean_MAM_Precip_070626.aix,"Caribbean (Puerto Rico & U.S. Virgin Islands), Late-Century, High emissions (SSP3-7.0), Spring (MAM)",Caribbean (Puerto Rico & U.S. Virgin Islands),Late-Century,High emissions (SSP3-7.0),Spring (MAM),ArcGIS AIX data file,7/7/26,
Late-Century/Spring (MAM),LC_SSP370_Caribbean_MAM_Precip_070626.jpg,"Caribbean (Puerto Rico & U.S. Virgin Islands), Late-Century, High emissions (SSP3-7.0), Spring (MAM)",Caribbean (Puerto Rico & U.S. Virgin Islands),Late-Century,High emissions (SSP3-7.0),Spring (MAM),JPEG preview image,7/7/26,
Late-Century/Summer (JJA),LC_SSP370_Caribbean_JJA_Precip_070626.aix,"Caribbean (Puerto Rico & U.S. Virgin Islands), Late-Century, High emissions (SSP3-7.0), Summer (JJA)",Caribbean (Puerto Rico & U.S. Virgin Islands),Late-Century,High emissions (SSP3-7.0),Summer (JJA),ArcGIS AIX data file,7/7/26,
Late-Century/Summer (JJA),LC_SSP370_Caribbean_JJA_Precip_070626.jpg,"Caribbean (Puerto Rico & U.S. Virgin Islands), Late-Century, High emissions (SSP3-7.0), Summer (JJA)",Caribbean (Puerto Rico & U.S. Virgin Islands),Late-Century,High emissions (SSP3-7.0),Summer (JJA),JPEG preview image,7/7/26,
Late-Century/Winter (DJF),LC_SSP370_Caribbean_DJF_Precip_070626.aix,"Caribbean (Puerto Rico & U.S. Virgin Islands), Late-Century, High emissions (SSP3-7.0), Winter (DJF)",Caribbean (Puerto Rico & U.S. Virgin Islands),Late-Century,High emissions (SSP3-7.0),Winter (DJF),ArcGIS AIX data file,7/7/26,
Late-Century/Winter (DJF),LC_SSP370_Caribbean_DJF_Precip_070626.jpg,"Caribbean (Puerto Rico & U.S. Virgin Islands), Late-Century, High emissions (SSP3-7.0), Winter (DJF)",Caribbean (Puerto Rico & U.S. Virgin Islands),Late-Century,High emissions (SSP3-7.0),Winter (DJF),JPEG preview image,7/7/26,
Late-Century/Annual,LC_SSP245_Caribbean_Annual_Precip_070626.aix,"Caribbean (Puerto Rico & U.S. Virgin Islands), Late-Century, Intermediate emissions (SSP2-4.5), Annual",Caribbean (Puerto Rico & U.S. Virgin Islands),Late-Century,Intermediate emissions (SSP2-4.5),Annual,ArcGIS AIX data file,7/7/26,
Late-Century/Annual,LC_SSP245_Caribbean_Annual_Precip_070626.jpg,"Caribbean (Puerto Rico & U.S. Virgin Islands), Late-Century, Intermediate emissions (SSP2-4.5), Annual",Caribbean (Puerto Rico & U.S. Virgin Islands),Late-Century,Intermediate emissions (SSP2-4.5),Annual,JPEG preview image,7/7/26,
Late-Century/Fall (SON),LC_SSP245_Caribbean_SON_Precip_070626.aix,"Caribbean (Puerto Rico & U.S. Virgin Islands), Late-Century, Intermediate emissions (SSP2-4.5), Fall (SON)",Caribbean (Puerto Rico & U.S. Virgin Islands),Late-Century,Intermediate emissions (SSP2-4.5),Fall (SON),ArcGIS AIX data file,7/7/26,
Late-Century/Fall (SON),LC_SSP245_Caribbean_SON_Precip_070626.jpg,"Caribbean (Puerto Rico & U.S. Virgin Islands), Late-Century, Intermediate emissions (SSP2-4.5), Fall (SON)",Caribbean (Puerto Rico & U.S. Virgin Islands),Late-Century,Intermediate emissions (SSP2-4.5),Fall (SON),JPEG preview image,7/7/26,
Late-Century/Spring (MAM),LC_SSP245_Caribbean_MAM_Precip_070626.aix,"Caribbean (Puerto Rico & U.S. Virgin Islands), Late-Century, Intermediate emissions (SSP2-4.5), Spring (MAM)",Caribbean (Puerto Rico & U.S. Virgin Islands),Late-Century,Intermediate emissions (SSP2-4.5),Spring (MAM),ArcGIS AIX data file,7/7/26,
Late-Century/Spring (MAM),LC_SSP245_Caribbean_MAM_Precip_070626.jpg,"Caribbean (Puerto Rico & U.S. Virgin Islands), Late-Century, Intermediate emissions (SSP2-4.5), Spring (MAM)",Caribbean (Puerto Rico & U.S. Virgin Islands),Late-Century,Intermediate emissions (SSP2-4.5),Spring (MAM),JPEG preview image,7/7/26,
Late-Century/Summer (JJA),LC_SSP245_Caribbean_JJA_Precip_070626.aix,"Caribbean (Puerto Rico & U.S. Virgin Islands), Late-Century, Intermediate emissions (SSP2-4.5), Summer (JJA)",Caribbean (Puerto Rico & U.S. Virgin Islands),Late-Century,Intermediate emissions (SSP2-4.5),Summer (JJA),ArcGIS AIX data file,7/7/26,
Late-Century/Summer (JJA),LC_SSP245_Caribbean_JJA_Precip_070626.jpg,"Caribbean (Puerto Rico & U.S. Virgin Islands), Late-Century, Intermediate emissions (SSP2-4.5), Summer (JJA)",Caribbean (Puerto Rico & U.S. Virgin Islands),Late-Century,Intermediate emissions (SSP2-4.5),Summer (JJA),JPEG preview image,7/7/26,
Late-Century/Winter (DJF),LC_SSP245_Caribbean_DJF_Precip_070626.aix,"Caribbean (Puerto Rico & U.S. Virgin Islands), Late-Century, Intermediate emissions (SSP2-4.5), Winter (DJF)",Caribbean (Puerto Rico & U.S. Virgin Islands),Late-Century,Intermediate emissions (SSP2-4.5),Winter (DJF),ArcGIS AIX data file,7/7/26,
Late-Century/Winter (DJF),LC_SSP245_Caribbean_DJF_Precip_070626.jpg,"Caribbean (Puerto Rico & U.S. Virgin Islands), Late-Century, Intermediate emissions (SSP2-4.5), Winter (DJF)",Caribbean (Puerto Rico & U.S. Virgin Islands),Late-Century,Intermediate emissions (SSP2-4.5),Winter (DJF),JPEG preview image,7/7/26,
Late-Century/Annual,LC_SSP126_Caribbean_Annual_Precip_070626.aix,"Caribbean (Puerto Rico & U.S. Virgin Islands), Late-Century, Low emissions (SSP1-2.6), Annual",Caribbean (Puerto Rico & U.S. Virgin Islands),Late-Century,Low emissions (SSP1-2.6),Annual,ArcGIS AIX data file,7/6/26,
Late-Century/Annual,LC_SSP126_Caribbean_Annual_Precip_070626.jpg,"Caribbean (Puerto Rico & U.S. Virgin Islands), Late-Century, Low emissions (SSP1-2.6), Annual",Caribbean (Puerto Rico & U.S. Virgin Islands),Late-Century,Low emissions (SSP1-2.6),Annual,JPEG preview image,7/6/26,
Late-Century/Fall (SON),LC_SSP126_Caribbean_SON_Precip_070626.aix,"Caribbean (Puerto Rico & U.S. Virgin Islands), Late-Century, Low emissions (SSP1-2.6), Fall (SON)",Caribbean (Puerto Rico & U.S. Virgin Islands),Late-Century,Low emissions (SSP1-2.6),Fall (SON),ArcGIS AIX data file,7/7/26,
Late-Century/Fall (SON),LC_SSP126_Caribbean_SON_Precip_070626.jpg,"Caribbean (Puerto Rico & U.S. Virgin Islands), Late-Century, Low emissions (SSP1-2.6), Fall (SON)",Caribbean (Puerto Rico & U.S. Virgin Islands),Late-Century,Low emissions (SSP1-2.6),Fall (SON),JPEG preview image,7/7/26,
Late-Century/Spring (MAM),LC_SSP126_Caribbean_MAM_Precip_070626.aix,"Caribbean (Puerto Rico & U.S. Virgin Islands), Late-Century, Low emissions (SSP1-2.6), Spring (MAM)",Caribbean (Puerto Rico & U.S. Virgin Islands),Late-Century,Low emissions (SSP1-2.6),Spring (MAM),ArcGIS AIX data file,7/7/26,
Late-Century/Spring (MAM),LC_SSP126_Caribbean_MAM_Precip_070626.jpg,"Caribbean (Puerto Rico & U.S. Virgin Islands), Late-Century, Low emissions (SSP1-2.6), Spring (MAM)",Caribbean (Puerto Rico & U.S. Virgin Islands),Late-Century,Low emissions (SSP1-2.6),Spring (MAM),JPEG preview image,7/7/26,
Late-Century/Summer (JJA),LC_SSP126_Caribbean_JJA_Precip_070626.aix,"Caribbean (Puerto Rico & U.S. Virgin Islands), Late-Century, Low emissions (SSP1-2.6), Summer (JJA)",Caribbean (Puerto Rico & U.S. Virgin Islands),Late-Century,Low emissions (SSP1-2.6),Summer (JJA),ArcGIS AIX data file,7/7/26,
Late-Century/Summer (JJA),LC_SSP126_Caribbean_JJA_Precip_070626.jpg,"Caribbean (Puerto Rico & U.S. Virgin Islands), Late-Century, Low emissions (SSP1-2.6), Summer (JJA)",Caribbean (Puerto Rico & U.S. Virgin Islands),Late-Century,Low emissions (SSP1-2.6),Summer (JJA),JPEG preview image,7/7/26,
Late-Century/Winter (DJF),LC_SSP126_Caribbean_DJF_Precip_070626.aix,"Caribbean (Puerto Rico & U.S. Virgin Islands), Late-Century, Low emissions (SSP1-2.6), Winter (DJF)",Caribbean (Puerto Rico & U.S. Virgin Islands),Late-Century,Low emissions (SSP1-2.6),Winter (DJF),ArcGIS AIX data file,7/7/26,
Late-Century/Winter (DJF),LC_SSP126_Caribbean_DJF_Precip_070626.jpg,"Caribbean (Puerto Rico & U.S. Virgin Islands), Late-Century, Low emissions (SSP1-2.6), Winter (DJF)",Caribbean (Puerto Rico & U.S. Virgin Islands),Late-Century,Low emissions (SSP1-2.6),Winter (DJF),JPEG preview image,7/7/26,
Late-Century/Annual,LC_SSP585_Caribbean_Annual_Precip_070626.aix,"Caribbean (Puerto Rico & U.S. Virgin Islands), Late-Century, Very high emissions (SSP5-8.5), Annual",Caribbean (Puerto Rico & U.S. Virgin Islands),Late-Century,Very high emissions (SSP5-8.5),Annual,ArcGIS AIX data file,7/7/26,
Late-Century/Annual,LC_SSP585_Caribbean_Annual_Precip_070626.jpg,"Caribbean (Puerto Rico & U.S. Virgin Islands), Late-Century, Very high emissions (SSP5-8.5), Annual",Caribbean (Puerto Rico & U.S. Virgin Islands),Late-Century,Very high emissions (SSP5-8.5),Annual,JPEG preview image,7/7/26,
Late-Century/Fall (SON),LC_SSP585_Caribbean_SON_Precip_070626.aix,"Caribbean (Puerto Rico & U.S. Virgin Islands), Late-Century, Very high emissions (SSP5-8.5), Fall (SON)",Caribbean (Puerto Rico & U.S. Virgin Islands),Late-Century,Very high emissions (SSP5-8.5),Fall (SON),ArcGIS AIX data file,7/7/26,
Late-Century/Fall (SON),LC_SSP585_Caribbean_SON_Precip_070626.jpg,"Caribbean (Puerto Rico & U.S. Virgin Islands), Late-Century, Very high emissions (SSP5-8.5), Fall (SON)",Caribbean (Puerto Rico & U.S. Virgin Islands),Late-Century,Very high emissions (SSP5-8.5),Fall (SON),JPEG preview image,7/7/26,
Late-Century/Spring (MAM),LC_SSP585_Caribbean_MAM_Precip_070626.aix,"Caribbean (Puerto Rico & U.S. Virgin Islands), Late-Century, Very high emissions (SSP5-8.5), Spring (MAM)",Caribbean (Puerto Rico & U.S. Virgin Islands),Late-Century,Very high emissions (SSP5-8.5),Spring (MAM),ArcGIS AIX data file,7/7/26,
Late-Century/Spring (MAM),LC_SSP585_Caribbean_MAM_Precip_070626.jpg,"Caribbean (Puerto Rico & U.S. Virgin Islands), Late-Century, Very high emissions (SSP5-8.5), Spring (MAM)",Caribbean (Puerto Rico & U.S. Virgin Islands),Late-Century,Very high emissions (SSP5-8.5),Spring (MAM),JPEG preview image,7/7/26,
Late-Century/Summer (JJA),LC_SSP585_Caribbean_JJA_Precip_070626.aix,"Caribbean (Puerto Rico & U.S. Virgin Islands), Late-Century, Very high emissions (SSP5-8.5), Summer (JJA)",Caribbean (Puerto Rico & U.S. Virgin Islands),Late-Century,Very high emissions (SSP5-8.5),Summer (JJA),ArcGIS AIX data file,7/7/26,
Late-Century/Summer (JJA),LC_SSP585_Caribbean_JJA_Precip_070626.jpg,"Caribbean (Puerto Rico & U.S. Virgin Islands), Late-Century, Very high emissions (SSP5-8.5), Summer (JJA)",Caribbean (Puerto Rico & U.S. Virgin Islands),Late-Century,Very high emissions (SSP5-8.5),Summer (JJA),JPEG preview image,7/7/26,
Late-Century/Winter (DJF),LC_SSP585_Caribbean_DJF_Precip_070626.aix,"Caribbean (Puerto Rico & U.S. Virgin Islands), Late-Century, Very high emissions (SSP5-8.5), Winter (DJF)",Caribbean (Puerto Rico & U.S. Virgin Islands),Late-Century,Very high emissions (SSP5-8.5),Winter (DJF),ArcGIS AIX data file,7/7/26,
Late-Century/Winter (DJF),LC_SSP585_Caribbean_DJF_Precip_070626.jpg,"Caribbean (Puerto Rico & U.S. Virgin Islands), Late-Century, Very high emissions (SSP5-8.5), Winter (DJF)",Caribbean (Puerto Rico & U.S. Virgin Islands),Late-Century,Very high emissions (SSP5-8.5),Winter (DJF),JPEG preview image,7/7/26,
Mid-Century/Annual,MC_SSP370_Caribbean_Annual_Precip_070626.aix,"Caribbean (Puerto Rico & U.S. Virgin Islands), Mid-Century, High emissions (SSP3-7.0), Annual",Caribbean (Puerto Rico & U.S. Virgin Islands),Mid-Century,High emissions (SSP3-7.0),Annual,ArcGIS AIX data file,7/7/26,
Mid-Century/Annual,MC_SSP370_Caribbean_Annual_Precip_070626.jpg,"Caribbean (Puerto Rico & U.S. Virgin Islands), Mid-Century, High emissions (SSP3-7.0), Annual",Caribbean (Puerto Rico & U.S. Virgin Islands),Mid-Century,High emissions (SSP3-7.0),Annual,JPEG preview image,7/7/26,
Mid-Century/Fall (SON),MC_SSP370_Caribbean_SON_Precip_070626.aix,"Caribbean (Puerto Rico & U.S. Virgin Islands), Mid-Century, High emissions (SSP3-7.0), Fall (SON)",Caribbean (Puerto Rico & U.S. Virgin Islands),Mid-Century,High emissions (SSP3-7.0),Fall (SON),ArcGIS AIX data file,7/7/26,
Mid-Century/Fall (SON),MC_SSP370_Caribbean_SON_Precip_070626.jpg,"Caribbean (Puerto Rico & U.S. Virgin Islands), Mid-Century, High emissions (SSP3-7.0), Fall (SON)",Caribbean (Puerto Rico & U.S. Virgin Islands),Mid-Century,High emissions (SSP3-7.0),Fall (SON),JPEG preview image,7/7/26,
Mid-Century/Spring (MAM),MC_SSP370_Caribbean_MAM_Precip_070626.aix,"Caribbean (Puerto Rico & U.S. Virgin Islands), Mid-Century, High emissions (SSP3-7.0), Spring (MAM)",Caribbean (Puerto Rico & U.S. Virgin Islands),Mid-Century,High emissions (SSP3-7.0),Spring (MAM),ArcGIS AIX data file,7/7/26,
Mid-Century/Spring (MAM),MC_SSP370_Caribbean_MAM_Precip_070626.jpg,"Caribbean (Puerto Rico & U.S. Virgin Islands), Mid-Century, High emissions (SSP3-7.0), Spring (MAM)",Caribbean (Puerto Rico & U.S. Virgin Islands),Mid-Century,High emissions (SSP3-7.0),Spring (MAM),JPEG preview image,7/7/26,
Mid-Century/Summer (JJA),MC_SSP370_Caribbean_JJA_Precip_070626.aix,"Caribbean (Puerto Rico & U.S. Virgin Islands), Mid-Century, High emissions (SSP3-7.0), Summer (JJA)",Caribbean (Puerto Rico & U.S. Virgin Islands),Mid-Century,High emissions (SSP3-7.0),Summer (JJA),ArcGIS AIX data file,7/7/26,
Mid-Century/Summer (JJA),MC_SSP370_Caribbean_JJA_Precip_070626.jpg,"Caribbean (Puerto Rico & U.S. Virgin Islands), Mid-Century, High emissions (SSP3-7.0), Summer (JJA)",Caribbean (Puerto Rico & U.S. Virgin Islands),Mid-Century,High emissions (SSP3-7.0),Summer (JJA),JPEG preview image,7/7/26,
Mid-Century/Winter (DJF),MC_SSP370_Caribbean_DJF_Precip_070626.aix,"Caribbean (Puerto Rico & U.S. Virgin Islands), Mid-Century, High emissions (SSP3-7.0), Winter (DJF)",Caribbean (Puerto Rico & U.S. Virgin Islands),Mid-Century,High emissions (SSP3-7.0),Winter (DJF),ArcGIS AIX data file,7/7/26,
Mid-Century/Winter (DJF),MC_SSP370_Caribbean_DJF_Precip_070626.jpg,"Caribbean (Puerto Rico & U.S. Virgin Islands), Mid-Century, High emissions (SSP3-7.0), Winter (DJF)",Caribbean (Puerto Rico & U.S. Virgin Islands),Mid-Century,High emissions (SSP3-7.0),Winter (DJF),JPEG preview image,7/7/26,
Mid-Century/Annual,MC_SSP126_Caribbean_Annual_Precip_070626.aix,"Caribbean (Puerto Rico & U.S. Virgin Islands), Mid-Century, Low emissions (SSP1-2.6), Annual",Caribbean (Puerto Rico & U.S. Virgin Islands),Mid-Century,Low emissions (SSP1-2.6),Annual,ArcGIS AIX data file,7/6/26,
Mid-Century/Annual,MC_SSP126_Caribbean_Annual_Precip_070626.jpg,"Caribbean (Puerto Rico & U.S. Virgin Islands), Mid-Century, Low emissions (SSP1-2.6), Annual",Caribbean (Puerto Rico & U.S. Virgin Islands),Mid-Century,Low emissions (SSP1-2.6),Annual,JPEG preview image,7/6/26,
Mid-Century/Fall (SON),MC_SSP126_Caribbean_SON_Precip_070626.aix,"Caribbean (Puerto Rico & U.S. Virgin Islands), Mid-Century, Low emissions (SSP1-2.6), Fall (SON)",Caribbean (Puerto Rico & U.S. Virgin Islands),Mid-Century,Low emissions (SSP1-2.6),Fall (SON),ArcGIS AIX data file,7/7/26,
Mid-Century/Fall (SON),MC_SSP126_Caribbean_SON_Precip_070626.jpg,"Caribbean (Puerto Rico & U.S. Virgin Islands), Mid-Century, Low emissions (SSP1-2.6), Fall (SON)",Caribbean (Puerto Rico & U.S. Virgin Islands),Mid-Century,Low emissions (SSP1-2.6),Fall (SON),JPEG preview image,7/7/26,
Mid-Century/Spring (MAM),MC_SSP126_Caribbean_MAM_Precip_070626.aix,"Caribbean (Puerto Rico & U.S. Virgin Islands), Mid-Century, Low emissions (SSP1-2.6), Spring (MAM)",Caribbean (Puerto Rico & U.S. Virgin Islands),Mid-Century,Low emissions (SSP1-2.6),Spring (MAM),ArcGIS AIX data file,7/7/26,
Mid-Century/Spring (MAM),MC_SSP126_Caribbean_MAM_Precip_070626.jpg,"Caribbean (Puerto Rico & U.S. Virgin Islands), Mid-Century, Low emissions (SSP1-2.6), Spring (MAM)",Caribbean (Puerto Rico & U.S. Virgin Islands),Mid-Century,Low emissions (SSP1-2.6),Spring (MAM),JPEG preview image,7/7/26,
Mid-Century/Summer (JJA),MC_SSP126_Caribbean_JJA_Precip_070626.aix,"Caribbean (Puerto Rico & U.S. Virgin Islands), Mid-Century, Low emissions (SSP1-2.6), Summer (JJA)",Caribbean (Puerto Rico & U.S. Virgin Islands),Mid-Century,Low emissions (SSP1-2.6),Summer (JJA),ArcGIS AIX data file,7/7/26,
Mid-Century/Summer (JJA),MC_SSP126_Caribbean_JJA_Precip_070626.jpg,"Caribbean (Puerto Rico & U.S. Virgin Islands), Mid-Century, Low emissions (SSP1-2.6), Summer (JJA)",Caribbean (Puerto Rico & U.S. Virgin Islands),Mid-Century,Low emissions (SSP1-2.6),Summer (JJA),JPEG preview image,7/7/26,
Mid-Century/Winter (DJF),MC_SSP126_Caribbean_DJF_Precip_070626.aix,"Caribbean (Puerto Rico & U.S. Virgin Islands), Mid-Century, Low emissions (SSP1-2.6), Winter (DJF)",Caribbean (Puerto Rico & U.S. Virgin Islands),Mid-Century,Low emissions (SSP1-2.6),Winter (DJF),ArcGIS AIX data file,7/7/26,
Mid-Century/Winter (DJF),MC_SSP126_Caribbean_DJF_Precip_070626.jpg,"Caribbean (Puerto Rico & U.S. Virgin Islands), Mid-Century, Low emissions (SSP1-2.6), Winter (DJF)",Caribbean (Puerto Rico & U.S. Virgin Islands),Mid-Century,Low emissions (SSP1-2.6),Winter (DJF),JPEG preview image,7/7/26,
Mid-Century/Annual,MC_SSP585_Caribbean_Annual_Precip_070626.aix,"Caribbean (Puerto Rico & U.S. Virgin Islands), Mid-Century, Very high emissions (SSP5-8.5), Annual",Caribbean (Puerto Rico & U.S. Virgin Islands),Mid-Century,Very high emissions (SSP5-8.5),Annual,ArcGIS AIX data file,7/7/26,
Mid-Century/Annual,MC_SSP585_Caribbean_Annual_Precip_070626.jpg,"Caribbean (Puerto Rico & U.S. Virgin Islands), Mid-Century, Very high emissions (SSP5-8.5), Annual",Caribbean (Puerto Rico & U.S. Virgin Islands),Mid-Century,Very high emissions (SSP5-8.5),Annual,JPEG preview image,7/7/26,
Mid-Century/Fall (SON),MC_SSP585_Caribbean_SON_Precip_070626.aix,"Caribbean (Puerto Rico & U.S. Virgin Islands), Mid-Century, Very high emissions (SSP5-8.5), Fall (SON)",Caribbean (Puerto Rico & U.S. Virgin Islands),Mid-Century,Very high emissions (SSP5-8.5),Fall (SON),ArcGIS AIX data file,7/7/26,
Mid-Century/Fall (SON),MC_SSP585_Caribbean_SON_Precip_070626.jpg,"Caribbean (Puerto Rico & U.S. Virgin Islands), Mid-Century, Very high emissions (SSP5-8.5), Fall (SON)",Caribbean (Puerto Rico & U.S. Virgin Islands),Mid-Century,Very high emissions (SSP5-8.5),Fall (SON),JPEG preview image,7/7/26,
Mid-Century/Spring (MAM),MC_SSP585_Caribbean_MAM_Precip_070626.aix,"Caribbean (Puerto Rico & U.S. Virgin Islands), Mid-Century, Very high emissions (SSP5-8.5), Spring (MAM)",Caribbean (Puerto Rico & U.S. Virgin Islands),Mid-Century,Very high emissions (SSP5-8.5),Spring (MAM),ArcGIS AIX data file,7/7/26,
Mid-Century/Spring (MAM),MC_SSP585_Caribbean_MAM_Precip_070626.jpg,"Caribbean (Puerto Rico & U.S. Virgin Islands), Mid-Century, Very high emissions (SSP5-8.5), Spring (MAM)",Caribbean (Puerto Rico & U.S. Virgin Islands),Mid-Century,Very high emissions (SSP5-8.5),Spring (MAM),JPEG preview image,7/7/26,
Mid-Century/Summer (JJA),MC_SSP585_Caribbean_JJA_Precip_070626.aix,"Caribbean (Puerto Rico & U.S. Virgin Islands), Mid-Century, Very high emissions (SSP5-8.5), Summer (JJA)",Caribbean (Puerto Rico & U.S. Virgin Islands),Mid-Century,Very high emissions (SSP5-8.5),Summer (JJA),ArcGIS AIX data file,7/7/26,
Mid-Century/Summer (JJA),MC_SSP585_Caribbean_JJA_Precip_070626.jpg,"Caribbean (Puerto Rico & U.S. Virgin Islands), Mid-Century, Very high emissions (SSP5-8.5), Summer (JJA)",Caribbean (Puerto Rico & U.S. Virgin Islands),Mid-Century,Very high emissions (SSP5-8.5),Summer (JJA),JPEG preview image,7/7/26,
Mid-Century/Winter (DJF),MC_SSP585_Caribbean_DJF_Precip_070626.aix,"Caribbean (Puerto Rico & U.S. Virgin Islands), Mid-Century, Very high emissions (SSP5-8.5), Winter (DJF)",Caribbean (Puerto Rico & U.S. Virgin Islands),Mid-Century,Very high emissions (SSP5-8.5),Winter (DJF),ArcGIS AIX data file,7/7/26,
Mid-Century/Winter (DJF),MC_SSP585_Caribbean_DJF_Precip_070626.jpg,"Caribbean (Puerto Rico & U.S. Virgin Islands), Mid-Century, Very high emissions (SSP5-8.5), Winter (DJF)",Caribbean (Puerto Rico & U.S. Virgin Islands),Mid-Century,Very high emissions (SSP5-8.5),Winter (DJF),JPEG preview image,7/7/26,
Mid-Century/Annual,MC_SSP245_CO_Annual_Precip_053025.ai,"Colorado, Mid-Century, Intermediate emissions (SSP2-4.5), Annual",Colorado,Mid-Century,Intermediate emissions (SSP2-4.5),Annual,Adobe Illustrator source,5/30/25,
Mid-Century/Annual,MC_SSP245_CO_Annual_Precip_052725.aix,"Colorado, Mid-Century, Intermediate emissions (SSP2-4.5), Annual",Colorado,Mid-Century,Intermediate emissions (SSP2-4.5),Annual,ArcGIS AIX data file,5/27/25,
Mid-Century/Annual,MC_SSP245_CO_Annual_Precip_052725.jpg,"Colorado, Mid-Century, Intermediate emissions (SSP2-4.5), Annual",Colorado,Mid-Century,Intermediate emissions (SSP2-4.5),Annual,JPEG preview image,5/27/25,
Mid-Century/Fall (SON),MC_SSP245_CO_SON_Precip_052725.aix,"Colorado, Mid-Century, Intermediate emissions (SSP2-4.5), Fall (SON)",Colorado,Mid-Century,Intermediate emissions (SSP2-4.5),Fall (SON),ArcGIS AIX data file,5/27/25,
Mid-Century/Fall (SON),MC_SSP245_CO_SON_Precip_052725.jpg,"Colorado, Mid-Century, Intermediate emissions (SSP2-4.5), Fall (SON)",Colorado,Mid-Century,Intermediate emissions (SSP2-4.5),Fall (SON),JPEG preview image,5/27/25,
Mid-Century/Spring (MAM),MC_SSP245_CO_MAM_Precip_052725.aix,"Colorado, Mid-Century, Intermediate emissions (SSP2-4.5), Spring (MAM)",Colorado,Mid-Century,Intermediate emissions (SSP2-4.5),Spring (MAM),ArcGIS AIX data file,5/27/25,
Mid-Century/Spring (MAM),MC_SSP245_CO_MAM_Precip_052725.jpg,"Colorado, Mid-Century, Intermediate emissions (SSP2-4.5), Spring (MAM)",Colorado,Mid-Century,Intermediate emissions (SSP2-4.5),Spring (MAM),JPEG preview image,5/27/25,
Mid-Century/Summer (JJA),MC_SSP245_CO_JJA_Precip_052725.aix,"Colorado, Mid-Century, Intermediate emissions (SSP2-4.5), Summer (JJA)",Colorado,Mid-Century,Intermediate emissions (SSP2-4.5),Summer (JJA),ArcGIS AIX data file,5/27/25,
Mid-Century/Summer (JJA),MC_SSP245_CO_JJA_Precip_052725.jpg,"Colorado, Mid-Century, Intermediate emissions (SSP2-4.5), Summer (JJA)",Colorado,Mid-Century,Intermediate emissions (SSP2-4.5),Summer (JJA),JPEG preview image,5/27/25,
Mid-Century/Winter (DJF),MC_SSP245_CO_DJF_Precip_052725.aix,"Colorado, Mid-Century, Intermediate emissions (SSP2-4.5), Winter (DJF)",Colorado,Mid-Century,Intermediate emissions (SSP2-4.5),Winter (DJF),ArcGIS AIX data file,5/27/25,
Mid-Century/Winter (DJF),MC_SSP245_CO_DJF_Precip_052725.jpg,"Colorado, Mid-Century, Intermediate emissions (SSP2-4.5), Winter (DJF)",Colorado,Mid-Century,Intermediate emissions (SSP2-4.5),Winter (DJF),JPEG preview image,5/27/25,
Mid-Century/Annual,MC_SSP245_Precip_Annual_Connecticut.aix,"Connecticut, Mid-Century, Intermediate emissions (SSP2-4.5), Annual",Connecticut,Mid-Century,Intermediate emissions (SSP2-4.5),Annual,ArcGIS AIX data file,8/14/25,
Mid-Century/Annual,MC_SSP245_Precip_Annual_Connecticut.png,"Connecticut, Mid-Century, Intermediate emissions (SSP2-4.5), Annual",Connecticut,Mid-Century,Intermediate emissions (SSP2-4.5),Annual,PNG preview image,7/8/25,
Mid-Century/Fall (SON),MC_SSP245_Precip_Fall_Connecticut.aix,"Connecticut, Mid-Century, Intermediate emissions (SSP2-4.5), Fall (SON)",Connecticut,Mid-Century,Intermediate emissions (SSP2-4.5),Fall (SON),ArcGIS AIX data file,8/14/25,
Mid-Century/Fall (SON),MC_SSP245_Precip_Fall_Connecticut.png,"Connecticut, Mid-Century, Intermediate emissions (SSP2-4.5), Fall (SON)",Connecticut,Mid-Century,Intermediate emissions (SSP2-4.5),Fall (SON),PNG preview image,7/9/25,
Mid-Century/Spring (MAM),MC_SSP245_Precip_Spring_Connecticut.aix,"Connecticut, Mid-Century, Intermediate emissions (SSP2-4.5), Spring (MAM)",Connecticut,Mid-Century,Intermediate emissions (SSP2-4.5),Spring (MAM),ArcGIS AIX data file,8/14/25,
Mid-Century/Spring (MAM),MC_SSP245_Precip_Spring_Connecticut.png,"Connecticut, Mid-Century, Intermediate emissions (SSP2-4.5), Spring (MAM)",Connecticut,Mid-Century,Intermediate emissions (SSP2-4.5),Spring (MAM),PNG preview image,7/9/25,
Mid-Century/Summer (JJA),MC_SSP245_Precip_Summer_Connecticut.aix,"Connecticut, Mid-Century, Intermediate emissions (SSP2-4.5), Summer (JJA)",Connecticut,Mid-Century,Intermediate emissions (SSP2-4.5),Summer (JJA),ArcGIS AIX data file,8/14/25,
Mid-Century/Summer (JJA),MC_SSP245_Precip_Summer_Connecticut.png,"Connecticut, Mid-Century, Intermediate emissions (SSP2-4.5), Summer (JJA)",Connecticut,Mid-Century,Intermediate emissions (SSP2-4.5),Summer (JJA),PNG preview image,7/9/25,
Mid-Century/Winter (DJF),MC_SSP245_Precip_Winter_Connecticut.aix,"Connecticut, Mid-Century, Intermediate emissions (SSP2-4.5), Winter (DJF)",Connecticut,Mid-Century,Intermediate emissions (SSP2-4.5),Winter (DJF),ArcGIS AIX data file,8/14/25,
Mid-Century/Winter (DJF),MC_SSP245_Precip_Winter_Connecticut.png,"Connecticut, Mid-Century, Intermediate emissions (SSP2-4.5), Winter (DJF)",Connecticut,Mid-Century,Intermediate emissions (SSP2-4.5),Winter (DJF),PNG preview image,7/9/25,
Late-Century/Annual,LC_SSP370_CONUS_Annual_Precip_062926.aix,"Contiguous U.S. (CONUS), Late-Century, High emissions (SSP3-7.0), Annual",Contiguous U.S. (CONUS),Late-Century,High emissions (SSP3-7.0),Annual,ArcGIS AIX data file,6/30/26,
Late-Century/Annual,LC_SSP370_CONUS_Annual_Precip_062926.jpg,"Contiguous U.S. (CONUS), Late-Century, High emissions (SSP3-7.0), Annual",Contiguous U.S. (CONUS),Late-Century,High emissions (SSP3-7.0),Annual,JPEG preview image,6/30/26,
Late-Century/Fall (SON),LC_SSP370_CONUS_SON_Precip_062926.aix,"Contiguous U.S. (CONUS), Late-Century, High emissions (SSP3-7.0), Fall (SON)",Contiguous U.S. (CONUS),Late-Century,High emissions (SSP3-7.0),Fall (SON),ArcGIS AIX data file,6/30/26,
Late-Century/Fall (SON),LC_SSP370_CONUS_SON_Precip_062926.jpg,"Contiguous U.S. (CONUS), Late-Century, High emissions (SSP3-7.0), Fall (SON)",Contiguous U.S. (CONUS),Late-Century,High emissions (SSP3-7.0),Fall (SON),JPEG preview image,6/30/26,
Late-Century/Spring (MAM),LC_SSP370_CONUS_MAM_Precip_062926.aix,"Contiguous U.S. (CONUS), Late-Century, High emissions (SSP3-7.0), Spring (MAM)",Contiguous U.S. (CONUS),Late-Century,High emissions (SSP3-7.0),Spring (MAM),ArcGIS AIX data file,6/30/26,
Late-Century/Spring (MAM),LC_SSP370_CONUS_MAM_Precip_062926.jpg,"Contiguous U.S. (CONUS), Late-Century, High emissions (SSP3-7.0), Spring (MAM)",Contiguous U.S. (CONUS),Late-Century,High emissions (SSP3-7.0),Spring (MAM),JPEG preview image,6/30/26,
Late-Century/Summer (JJA),LC_SSP370_CONUS_JJA_Precip_062926.aix,"Contiguous U.S. (CONUS), Late-Century, High emissions (SSP3-7.0), Summer (JJA)",Contiguous U.S. (CONUS),Late-Century,High emissions (SSP3-7.0),Summer (JJA),ArcGIS AIX data file,6/30/26,
Late-Century/Summer (JJA),LC_SSP370_CONUS_JJA_Precip_062926.jpg,"Contiguous U.S. (CONUS), Late-Century, High emissions (SSP3-7.0), Summer (JJA)",Contiguous U.S. (CONUS),Late-Century,High emissions (SSP3-7.0),Summer (JJA),JPEG preview image,6/30/26,
Late-Century/Winter (DJF),LC_SSP370_CONUS_DJF_Precip_062926.aix,"Contiguous U.S. (CONUS), Late-Century, High emissions (SSP3-7.0), Winter (DJF)",Contiguous U.S. (CONUS),Late-Century,High emissions (SSP3-7.0),Winter (DJF),ArcGIS AIX data file,6/30/26,
Late-Century/Winter (DJF),LC_SSP370_CONUS_DJF_Precip_062926.jpg,"Contiguous U.S. (CONUS), Late-Century, High emissions (SSP3-7.0), Winter (DJF)",Contiguous U.S. (CONUS),Late-Century,High emissions (SSP3-7.0),Winter (DJF),JPEG preview image,6/30/26,
Late-Century/Annual,LC_SSP245_CONUS_Annual_Precip_062926.aix,"Contiguous U.S. (CONUS), Late-Century, Intermediate emissions (SSP2-4.5), Annual",Contiguous U.S. (CONUS),Late-Century,Intermediate emissions (SSP2-4.5),Annual,ArcGIS AIX data file,6/29/26,
Late-Century/Annual,LC_SSP245_CONUS_Annual_Precip_062926.jpg,"Contiguous U.S. (CONUS), Late-Century, Intermediate emissions (SSP2-4.5), Annual",Contiguous U.S. (CONUS),Late-Century,Intermediate emissions (SSP2-4.5),Annual,JPEG preview image,6/29/26,
Late-Century/Fall (SON),LC_SSP245_CONUS_SON_Precip_062926.aix,"Contiguous U.S. (CONUS), Late-Century, Intermediate emissions (SSP2-4.5), Fall (SON)",Contiguous U.S. (CONUS),Late-Century,Intermediate emissions (SSP2-4.5),Fall (SON),ArcGIS AIX data file,6/29/26,
Late-Century/Fall (SON),LC_SSP245_CONUS_SON_Precip_062926.jpg,"Contiguous U.S. (CONUS), Late-Century, Intermediate emissions (SSP2-4.5), Fall (SON)",Contiguous U.S. (CONUS),Late-Century,Intermediate emissions (SSP2-4.5),Fall (SON),JPEG preview image,6/29/26,
Late-Century/Spring (MAM),LC_SSP245_CONUS_MAM_Precip_062926.aix,"Contiguous U.S. (CONUS), Late-Century, Intermediate emissions (SSP2-4.5), Spring (MAM)",Contiguous U.S. (CONUS),Late-Century,Intermediate emissions (SSP2-4.5),Spring (MAM),ArcGIS AIX data file,6/29/26,
Late-Century/Spring (MAM),LC_SSP245_CONUS_MAM_Precip_062926.jpg,"Contiguous U.S. (CONUS), Late-Century, Intermediate emissions (SSP2-4.5), Spring (MAM)",Contiguous U.S. (CONUS),Late-Century,Intermediate emissions (SSP2-4.5),Spring (MAM),JPEG preview image,6/29/26,
Late-Century/Summer (JJA),LC_SSP245_CONUS_JJA_Precip_062926.aix,"Contiguous U.S. (CONUS), Late-Century, Intermediate emissions (SSP2-4.5), Summer (JJA)",Contiguous U.S. (CONUS),Late-Century,Intermediate emissions (SSP2-4.5),Summer (JJA),ArcGIS AIX data file,6/29/26,
Late-Century/Summer (JJA),LC_SSP245_CONUS_JJA_Precip_062926.jpg,"Contiguous U.S. (CONUS), Late-Century, Intermediate emissions (SSP2-4.5), Summer (JJA)",Contiguous U.S. (CONUS),Late-Century,Intermediate emissions (SSP2-4.5),Summer (JJA),JPEG preview image,6/29/26,
Late-Century/Winter (DJF),LC_SSP245_CONUS_DJF_Precip_062926.aix,"Contiguous U.S. (CONUS), Late-Century, Intermediate emissions (SSP2-4.5), Winter (DJF)",Contiguous U.S. (CONUS),Late-Century,Intermediate emissions (SSP2-4.5),Winter (DJF),ArcGIS AIX data file,6/29/26,
Late-Century/Winter (DJF),LC_SSP245_CONUS_DJF_Precip_062926.jpg,"Contiguous U.S. (CONUS), Late-Century, Intermediate emissions (SSP2-4.5), Winter (DJF)",Contiguous U.S. (CONUS),Late-Century,Intermediate emissions (SSP2-4.5),Winter (DJF),JPEG preview image,6/29/26,
Late-Century/Annual,LC_SSP126_CONUS_Annual_Precip_062926.aix,"Contiguous U.S. (CONUS), Late-Century, Low emissions (SSP1-2.6), Annual",Contiguous U.S. (CONUS),Late-Century,Low emissions (SSP1-2.6),Annual,ArcGIS AIX data file,6/30/26,
Late-Century/Annual,LC_SSP126_CONUS_Annual_Precip_062926.jpg,"Contiguous U.S. (CONUS), Late-Century, Low emissions (SSP1-2.6), Annual",Contiguous U.S. (CONUS),Late-Century,Low emissions (SSP1-2.6),Annual,JPEG preview image,6/30/26,
Late-Century/Fall (SON),LC_SSP126_CONUS_SON_Precip_062926.aix,"Contiguous U.S. (CONUS), Late-Century, Low emissions (SSP1-2.6), Fall (SON)",Contiguous U.S. (CONUS),Late-Century,Low emissions (SSP1-2.6),Fall (SON),ArcGIS AIX data file,6/30/26,
Late-Century/Fall (SON),LC_SSP126_CONUS_SON_Precip_062926.jpg,"Contiguous U.S. (CONUS), Late-Century, Low emissions (SSP1-2.6), Fall (SON)",Contiguous U.S. (CONUS),Late-Century,Low emissions (SSP1-2.6),Fall (SON),JPEG preview image,6/30/26,
Late-Century/Spring (MAM),LC_SSP126_CONUS_MAM_Precip_062926.aix,"Contiguous U.S. (CONUS), Late-Century, Low emissions (SSP1-2.6), Spring (MAM)",Contiguous U.S. (CONUS),Late-Century,Low emissions (SSP1-2.6),Spring (MAM),ArcGIS AIX data file,6/30/26,
Late-Century/Spring (MAM),LC_SSP126_CONUS_MAM_Precip_062926.jpg,"Contiguous U.S. (CONUS), Late-Century, Low emissions (SSP1-2.6), Spring (MAM)",Contiguous U.S. (CONUS),Late-Century,Low emissions (SSP1-2.6),Spring (MAM),JPEG preview image,6/30/26,
Late-Century/Summer (JJA),LC_SSP126_CONUS_JJA_Annual_Precip_062926.aix,"Contiguous U.S. (CONUS), Late-Century, Low emissions (SSP1-2.6), Summer (JJA)",Contiguous U.S. (CONUS),Late-Century,Low emissions (SSP1-2.6),Summer (JJA),ArcGIS AIX data file,6/30/26,"name irregularity: two season tokens (JJA,Annual); read as CONUS, season=JJA"
Late-Century/Summer (JJA),LC_SSP126_CONUS_JJA_Precip_062926.jpg,"Contiguous U.S. (CONUS), Late-Century, Low emissions (SSP1-2.6), Summer (JJA)",Contiguous U.S. (CONUS),Late-Century,Low emissions (SSP1-2.6),Summer (JJA),JPEG preview image,6/30/26,
Late-Century/Winter (DJF),LC_SSP126_CONUS_DJF_Precip_062926.aix,"Contiguous U.S. (CONUS), Late-Century, Low emissions (SSP1-2.6), Winter (DJF)",Contiguous U.S. (CONUS),Late-Century,Low emissions (SSP1-2.6),Winter (DJF),ArcGIS AIX data file,6/30/26,
Late-Century/Winter (DJF),LC_SSP126_CONUS_DJF_Precip_062926.jpg,"Contiguous U.S. (CONUS), Late-Century, Low emissions (SSP1-2.6), Winter (DJF)",Contiguous U.S. (CONUS),Late-Century,Low emissions (SSP1-2.6),Winter (DJF),JPEG preview image,6/30/26,
Late-Century/Annual,LC_SSP585_CONUS_Annual_Precip_062926.aix,"Contiguous U.S. (CONUS), Late-Century, Very high emissions (SSP5-8.5), Annual",Contiguous U.S. (CONUS),Late-Century,Very high emissions (SSP5-8.5),Annual,ArcGIS AIX data file,6/30/26,
Late-Century/Annual,LC_SSP585_CONUS_Annual_Precip_062926.jpg,"Contiguous U.S. (CONUS), Late-Century, Very high emissions (SSP5-8.5), Annual",Contiguous U.S. (CONUS),Late-Century,Very high emissions (SSP5-8.5),Annual,JPEG preview image,6/30/26,
Late-Century/Fall (SON),LC_SSP585_CONUS_SON_Precip_062926.aix,"Contiguous U.S. (CONUS), Late-Century, Very high emissions (SSP5-8.5), Fall (SON)",Contiguous U.S. (CONUS),Late-Century,Very high emissions (SSP5-8.5),Fall (SON),ArcGIS AIX data file,6/30/26,
Late-Century/Fall (SON),LC_SSP585_CONUS_SON_Precip_062926.jpg,"Contiguous U.S. (CONUS), Late-Century, Very high emissions (SSP5-8.5), Fall (SON)",Contiguous U.S. (CONUS),Late-Century,Very high emissions (SSP5-8.5),Fall (SON),JPEG preview image,6/30/26,
Late-Century/Spring (MAM),LC_SSP585_CONUS_MAM_Precip_062926.aix,"Contiguous U.S. (CONUS), Late-Century, Very high emissions (SSP5-8.5), Spring (MAM)",Contiguous U.S. (CONUS),Late-Century,Very high emissions (SSP5-8.5),Spring (MAM),ArcGIS AIX data file,6/30/26,
Late-Century/Spring (MAM),LC_SSP585_CONUS_MAM_Precip_062926.jpg,"Contiguous U.S. (CONUS), Late-Century, Very high emissions (SSP5-8.5), Spring (MAM)",Contiguous U.S. (CONUS),Late-Century,Very high emissions (SSP5-8.5),Spring (MAM),JPEG preview image,6/30/26,
Late-Century/Summer (JJA),LC_SSP585_CONUS_JJA_Precip_062926.aix,"Contiguous U.S. (CONUS), Late-Century, Very high emissions (SSP5-8.5), Summer (JJA)",Contiguous U.S. (CONUS),Late-Century,Very high emissions (SSP5-8.5),Summer (JJA),ArcGIS AIX data file,6/30/26,
Late-Century/Summer (JJA),LC_SSP585_CONUS_JJA_Precip_062926.jpg,"Contiguous U.S. (CONUS), Late-Century, Very high emissions (SSP5-8.5), Summer (JJA)",Contiguous U.S. (CONUS),Late-Century,Very high emissions (SSP5-8.5),Summer (JJA),JPEG preview image,6/30/26,
Late-Century/Winter (DJF),LC_SSP585_CONUS_DJF_Precip_062926.aix,"Contiguous U.S. (CONUS), Late-Century, Very high emissions (SSP5-8.5), Winter (DJF)",Contiguous U.S. (CONUS),Late-Century,Very high emissions (SSP5-8.5),Winter (DJF),ArcGIS AIX data file,6/30/26,
Late-Century/Winter (DJF),LC_SSP585_CONUS_DJF_Precip_062926.jpg,"Contiguous U.S. (CONUS), Late-Century, Very high emissions (SSP5-8.5), Winter (DJF)",Contiguous U.S. (CONUS),Late-Century,Very high emissions (SSP5-8.5),Winter (DJF),JPEG preview image,6/30/26,
Mid-Century/Annual,MC_SSP370_CONUS_Annual_Precip_062926.aix,"Contiguous U.S. (CONUS), Mid-Century, High emissions (SSP3-7.0), Annual",Contiguous U.S. (CONUS),Mid-Century,High emissions (SSP3-7.0),Annual,ArcGIS AIX data file,6/30/26,
Mid-Century/Annual,MC_SSP370_CONUS_Annual_Precip_062926.jpg,"Contiguous U.S. (CONUS), Mid-Century, High emissions (SSP3-7.0), Annual",Contiguous U.S. (CONUS),Mid-Century,High emissions (SSP3-7.0),Annual,JPEG preview image,6/30/26,
Mid-Century/Fall (SON),MC_SSP370_CONUS_SON_Precip_062926.aix,"Contiguous U.S. (CONUS), Mid-Century, High emissions (SSP3-7.0), Fall (SON)",Contiguous U.S. (CONUS),Mid-Century,High emissions (SSP3-7.0),Fall (SON),ArcGIS AIX data file,6/30/26,
Mid-Century/Fall (SON),MC_SSP370_CONUS_SON_Precip_062926.jpg,"Contiguous U.S. (CONUS), Mid-Century, High emissions (SSP3-7.0), Fall (SON)",Contiguous U.S. (CONUS),Mid-Century,High emissions (SSP3-7.0),Fall (SON),JPEG preview image,6/30/26,
Mid-Century/Spring (MAM),MC_SSP370_CONUS_MAM_Precip_062926.aix,"Contiguous U.S. (CONUS), Mid-Century, High emissions (SSP3-7.0), Spring (MAM)",Contiguous U.S. (CONUS),Mid-Century,High emissions (SSP3-7.0),Spring (MAM),ArcGIS AIX data file,6/30/26,
Mid-Century/Spring (MAM),MC_SSP370_CONUS_MAM_Precip_062926.jpg,"Contiguous U.S. (CONUS), Mid-Century, High emissions (SSP3-7.0), Spring (MAM)",Contiguous U.S. (CONUS),Mid-Century,High emissions (SSP3-7.0),Spring (MAM),JPEG preview image,6/30/26,
Mid-Century/Summer (JJA),MC_SSP370_CONUS_JJA_Precip_062926.aix,"Contiguous U.S. (CONUS), Mid-Century, High emissions (SSP3-7.0), Summer (JJA)",Contiguous U.S. (CONUS),Mid-Century,High emissions (SSP3-7.0),Summer (JJA),ArcGIS AIX data file,6/30/26,
Mid-Century/Summer (JJA),MC_SSP370_CONUS_JJA_Precip_062926.jpg,"Contiguous U.S. (CONUS), Mid-Century, High emissions (SSP3-7.0), Summer (JJA)",Contiguous U.S. (CONUS),Mid-Century,High emissions (SSP3-7.0),Summer (JJA),JPEG preview image,6/30/26,
Mid-Century/Winter (DJF),MC_SSP370_CONUS_DJF_Precip_062926.aix,"Contiguous U.S. (CONUS), Mid-Century, High emissions (SSP3-7.0), Winter (DJF)",Contiguous U.S. (CONUS),Mid-Century,High emissions (SSP3-7.0),Winter (DJF),ArcGIS AIX data file,6/30/26,
Mid-Century/Winter (DJF),MC_SSP370_CONUS_DJF_Precip_062926.jpg,"Contiguous U.S. (CONUS), Mid-Century, High emissions (SSP3-7.0), Winter (DJF)",Contiguous U.S. (CONUS),Mid-Century,High emissions (SSP3-7.0),Winter (DJF),JPEG preview image,6/30/26,
Mid-Century/Annual,MC_SSP245_CONUS_Annual_Precip_052725.ai,"Contiguous U.S. (CONUS), Mid-Century, Intermediate emissions (SSP2-4.5), Annual",Contiguous U.S. (CONUS),Mid-Century,Intermediate emissions (SSP2-4.5),Annual,Adobe Illustrator source,8/14/25,
Mid-Century/Annual,MC_SSP245_CONUS_Annual_Precip_121525.aix,"Contiguous U.S. (CONUS), Mid-Century, Intermediate emissions (SSP2-4.5), Annual",Contiguous U.S. (CONUS),Mid-Century,Intermediate emissions (SSP2-4.5),Annual,ArcGIS AIX data file,12/15/25,
Mid-Century/Annual,MC_SSP245_CONUS_Annual_Precip_121525.jpg,"Contiguous U.S. (CONUS), Mid-Century, Intermediate emissions (SSP2-4.5), Annual",Contiguous U.S. (CONUS),Mid-Century,Intermediate emissions (SSP2-4.5),Annual,JPEG preview image,12/15/25,
Mid-Century/Fall (SON),MC_SSP245_CONUS_SON_Precip_052725.ai,"Contiguous U.S. (CONUS), Mid-Century, Intermediate emissions (SSP2-4.5), Fall (SON)",Contiguous U.S. (CONUS),Mid-Century,Intermediate emissions (SSP2-4.5),Fall (SON),Adobe Illustrator source,8/13/25,
Mid-Century/Fall (SON),MC_SSP245_CONUS_SON_Precip_121525.aix,"Contiguous U.S. (CONUS), Mid-Century, Intermediate emissions (SSP2-4.5), Fall (SON)",Contiguous U.S. (CONUS),Mid-Century,Intermediate emissions (SSP2-4.5),Fall (SON),ArcGIS AIX data file,12/15/25,
Mid-Century/Fall (SON),MC_SSP245_CONUS_SON_Precip_121525.jpg,"Contiguous U.S. (CONUS), Mid-Century, Intermediate emissions (SSP2-4.5), Fall (SON)",Contiguous U.S. (CONUS),Mid-Century,Intermediate emissions (SSP2-4.5),Fall (SON),JPEG preview image,12/15/25,
Mid-Century/Spring (MAM),MC_SSP245_CONUS_MAM_Precip_052725.ai,"Contiguous U.S. (CONUS), Mid-Century, Intermediate emissions (SSP2-4.5), Spring (MAM)",Contiguous U.S. (CONUS),Mid-Century,Intermediate emissions (SSP2-4.5),Spring (MAM),Adobe Illustrator source,8/13/25,
Mid-Century/Spring (MAM),MC_SSP245_CONUS_MAM_Precip_121525.aix,"Contiguous U.S. (CONUS), Mid-Century, Intermediate emissions (SSP2-4.5), Spring (MAM)",Contiguous U.S. (CONUS),Mid-Century,Intermediate emissions (SSP2-4.5),Spring (MAM),ArcGIS AIX data file,12/15/25,
Mid-Century/Spring (MAM),MC_SSP245_CONUS_MAM_Precip_121525.jpg,"Contiguous U.S. (CONUS), Mid-Century, Intermediate emissions (SSP2-4.5), Spring (MAM)",Contiguous U.S. (CONUS),Mid-Century,Intermediate emissions (SSP2-4.5),Spring (MAM),JPEG preview image,12/15/25,
Mid-Century/Summer (JJA),MC_SSP245_CONUS_JJA_Precip_052725.ai,"Contiguous U.S. (CONUS), Mid-Century, Intermediate emissions (SSP2-4.5), Summer (JJA)",Contiguous U.S. (CONUS),Mid-Century,Intermediate emissions (SSP2-4.5),Summer (JJA),Adobe Illustrator source,8/13/25,
Mid-Century/Summer (JJA),MC_SSP245_CONUS_JJA_Precip_121525.aix,"Contiguous U.S. (CONUS), Mid-Century, Intermediate emissions (SSP2-4.5), Summer (JJA)",Contiguous U.S. (CONUS),Mid-Century,Intermediate emissions (SSP2-4.5),Summer (JJA),ArcGIS AIX data file,12/15/25,
Mid-Century/Summer (JJA),MC_SSP245_CONUS_JJA_Precip_121525.jpg,"Contiguous U.S. (CONUS), Mid-Century, Intermediate emissions (SSP2-4.5), Summer (JJA)",Contiguous U.S. (CONUS),Mid-Century,Intermediate emissions (SSP2-4.5),Summer (JJA),JPEG preview image,12/15/25,
Mid-Century/Winter (DJF),MC_SSP245_CONUS_DJF_Precip_052725.ai,"Contiguous U.S. (CONUS), Mid-Century, Intermediate emissions (SSP2-4.5), Winter (DJF)",Contiguous U.S. (CONUS),Mid-Century,Intermediate emissions (SSP2-4.5),Winter (DJF),Adobe Illustrator source,8/13/25,
Mid-Century/Winter (DJF),MC_SSP245_CONUS_DJF_Precip_121525.aix,"Contiguous U.S. (CONUS), Mid-Century, Intermediate emissions (SSP2-4.5), Winter (DJF)",Contiguous U.S. (CONUS),Mid-Century,Intermediate emissions (SSP2-4.5),Winter (DJF),ArcGIS AIX data file,12/15/25,
Mid-Century/Winter (DJF),MC_SSP245_CONUS_DJF_Precip_121525.jpg,"Contiguous U.S. (CONUS), Mid-Century, Intermediate emissions (SSP2-4.5), Winter (DJF)",Contiguous U.S. (CONUS),Mid-Century,Intermediate emissions (SSP2-4.5),Winter (DJF),JPEG preview image,12/15/25,
Mid-Century/Annual,MC_SSP126_CONUS_Annual_Precip_062926.aix,"Contiguous U.S. (CONUS), Mid-Century, Low emissions (SSP1-2.6), Annual",Contiguous U.S. (CONUS),Mid-Century,Low emissions (SSP1-2.6),Annual,ArcGIS AIX data file,6/30/26,
Mid-Century/Annual,MC_SSP126_CONUS_Annual_Precip_062926.jpg,"Contiguous U.S. (CONUS), Mid-Century, Low emissions (SSP1-2.6), Annual",Contiguous U.S. (CONUS),Mid-Century,Low emissions (SSP1-2.6),Annual,JPEG preview image,6/30/26,
Mid-Century/Fall (SON),MC_SSP126_SON_Annual_Precip_062926.aix,"Contiguous U.S. (CONUS), Mid-Century, Low emissions (SSP1-2.6), Fall (SON)",Contiguous U.S. (CONUS),Mid-Century,Low emissions (SSP1-2.6),Fall (SON),ArcGIS AIX data file,6/30/26,"name irregularity: 'SON' in region slot + 'Annual'; read as CONUS, season=SON"
Mid-Century/Fall (SON),MC_SSP126_SON_Annual_Precip_062926.jpg,"Contiguous U.S. (CONUS), Mid-Century, Low emissions (SSP1-2.6), Fall (SON)",Contiguous U.S. (CONUS),Mid-Century,Low emissions (SSP1-2.6),Fall (SON),JPEG preview image,6/30/26,"name irregularity: 'SON' in region slot + 'Annual'; read as CONUS, season=SON"
Mid-Century/Spring (MAM),MC_SSP126_MAM_Annual_Precip_062926.aix,"Contiguous U.S. (CONUS), Mid-Century, Low emissions (SSP1-2.6), Spring (MAM)",Contiguous U.S. (CONUS),Mid-Century,Low emissions (SSP1-2.6),Spring (MAM),ArcGIS AIX data file,6/30/26,"name irregularity: 'MAM' in region slot + 'Annual'; read as CONUS, season=MAM"
Mid-Century/Spring (MAM),MC_SSP126_MAM_Annual_Precip_062926.jpg,"Contiguous U.S. (CONUS), Mid-Century, Low emissions (SSP1-2.6), Spring (MAM)",Contiguous U.S. (CONUS),Mid-Century,Low emissions (SSP1-2.6),Spring (MAM),JPEG preview image,6/30/26,"name irregularity: 'MAM' in region slot + 'Annual'; read as CONUS, season=MAM"
Mid-Century/Summer (JJA),MC_SSP126_JJA_Annual_Precip_062926.aix,"Contiguous U.S. (CONUS), Mid-Century, Low emissions (SSP1-2.6), Summer (JJA)",Contiguous U.S. (CONUS),Mid-Century,Low emissions (SSP1-2.6),Summer (JJA),ArcGIS AIX data file,6/30/26,"name irregularity: 'JJA' in region slot + 'Annual'; read as CONUS, season=JJA"
Mid-Century/Summer (JJA),MC_SSP126_JJA_Annual_Precip_062926.jpg,"Contiguous U.S. (CONUS), Mid-Century, Low emissions (SSP1-2.6), Summer (JJA)",Contiguous U.S. (CONUS),Mid-Century,Low emissions (SSP1-2.6),Summer (JJA),JPEG preview image,6/30/26,"name irregularity: 'JJA' in region slot + 'Annual'; read as CONUS, season=JJA"
Mid-Century/Winter (DJF),MC_SSP126_DJF_Annual_Precip_062926.aix,"Contiguous U.S. (CONUS), Mid-Century, Low emissions (SSP1-2.6), Winter (DJF)",Contiguous U.S. (CONUS),Mid-Century,Low emissions (SSP1-2.6),Winter (DJF),ArcGIS AIX data file,6/30/26,"name irregularity: 'DJF' in region slot + 'Annual'; read as CONUS, season=DJF"
Mid-Century/Winter (DJF),MC_SSP126_DJF_Annual_Precip_062926.jpg,"Contiguous U.S. (CONUS), Mid-Century, Low emissions (SSP1-2.6), Winter (DJF)",Contiguous U.S. (CONUS),Mid-Century,Low emissions (SSP1-2.6),Winter (DJF),JPEG preview image,6/30/26,"name irregularity: 'DJF' in region slot + 'Annual'; read as CONUS, season=DJF"
Mid-Century/Annual,MC_SSP585_CONUS_Annual_Precip_062926.aix,"Contiguous U.S. (CONUS), Mid-Century, Very high emissions (SSP5-8.5), Annual",Contiguous U.S. (CONUS),Mid-Century,Very high emissions (SSP5-8.5),Annual,ArcGIS AIX data file,6/30/26,
Mid-Century/Annual,MC_SSP585_CONUS_Annual_Precip_062926.jpg,"Contiguous U.S. (CONUS), Mid-Century, Very high emissions (SSP5-8.5), Annual",Contiguous U.S. (CONUS),Mid-Century,Very high emissions (SSP5-8.5),Annual,JPEG preview image,6/30/26,
Mid-Century/Fall (SON),MC_SSP585_CONUS_SON_Precip_062926.aix,"Contiguous U.S. (CONUS), Mid-Century, Very high emissions (SSP5-8.5), Fall (SON)",Contiguous U.S. (CONUS),Mid-Century,Very high emissions (SSP5-8.5),Fall (SON),ArcGIS AIX data file,6/30/26,
Mid-Century/Fall (SON),MC_SSP585_CONUS_SON_Precip_062926.jpg,"Contiguous U.S. (CONUS), Mid-Century, Very high emissions (SSP5-8.5), Fall (SON)",Contiguous U.S. (CONUS),Mid-Century,Very high emissions (SSP5-8.5),Fall (SON),JPEG preview image,6/30/26,
Mid-Century/Spring (MAM),MC_SSP585_CONUS_MAM_Precip_062926.aix,"Contiguous U.S. (CONUS), Mid-Century, Very high emissions (SSP5-8.5), Spring (MAM)",Contiguous U.S. (CONUS),Mid-Century,Very high emissions (SSP5-8.5),Spring (MAM),ArcGIS AIX data file,6/30/26,
Mid-Century/Spring (MAM),MC_SSP585_CONUS_MAM_Precip_062926.jpg,"Contiguous U.S. (CONUS), Mid-Century, Very high emissions (SSP5-8.5), Spring (MAM)",Contiguous U.S. (CONUS),Mid-Century,Very high emissions (SSP5-8.5),Spring (MAM),JPEG preview image,6/30/26,
Mid-Century/Summer (JJA),MC_SSP585_CONUS_JJA_Precip_062926.aix,"Contiguous U.S. (CONUS), Mid-Century, Very high emissions (SSP5-8.5), Summer (JJA)",Contiguous U.S. (CONUS),Mid-Century,Very high emissions (SSP5-8.5),Summer (JJA),ArcGIS AIX data file,6/30/26,
Mid-Century/Summer (JJA),MC_SSP585_CONUS_JJA_Precip_062926.jpg,"Contiguous U.S. (CONUS), Mid-Century, Very high emissions (SSP5-8.5), Summer (JJA)",Contiguous U.S. (CONUS),Mid-Century,Very high emissions (SSP5-8.5),Summer (JJA),JPEG preview image,6/30/26,
Mid-Century/Winter (DJF),MC_SSP585_CONUS_DJF_Precip_062926.aix,"Contiguous U.S. (CONUS), Mid-Century, Very high emissions (SSP5-8.5), Winter (DJF)",Contiguous U.S. (CONUS),Mid-Century,Very high emissions (SSP5-8.5),Winter (DJF),ArcGIS AIX data file,6/30/26,
Mid-Century/Winter (DJF),MC_SSP585_CONUS_DJF_Precip_062926.jpg,"Contiguous U.S. (CONUS), Mid-Century, Very high emissions (SSP5-8.5), Winter (DJF)",Contiguous U.S. (CONUS),Mid-Century,Very high emissions (SSP5-8.5),Winter (DJF),JPEG preview image,6/30/26,
Mid-Century/Annual,MC_SSP245_Precip_Annual_Delaware.aix,"Delaware, Mid-Century, Intermediate emissions (SSP2-4.5), Annual",Delaware,Mid-Century,Intermediate emissions (SSP2-4.5),Annual,ArcGIS AIX data file,8/25/25,
Mid-Century/Annual,MC_SSP245_Precip_Annual_Delaware.png,"Delaware, Mid-Century, Intermediate emissions (SSP2-4.5), Annual",Delaware,Mid-Century,Intermediate emissions (SSP2-4.5),Annual,PNG preview image,7/8/25,
Mid-Century/Fall (SON),MC_SSP245_Precip_Fall_Delaware.aix,"Delaware, Mid-Century, Intermediate emissions (SSP2-4.5), Fall (SON)",Delaware,Mid-Century,Intermediate emissions (SSP2-4.5),Fall (SON),ArcGIS AIX data file,8/26/25,
Mid-Century/Fall (SON),MC_SSP245_Precip_Fall_Delaware.png,"Delaware, Mid-Century, Intermediate emissions (SSP2-4.5), Fall (SON)",Delaware,Mid-Century,Intermediate emissions (SSP2-4.5),Fall (SON),PNG preview image,7/9/25,
Mid-Century/Spring (MAM),MC_SSP245_Precip_Spring_Delaware.aix,"Delaware, Mid-Century, Intermediate emissions (SSP2-4.5), Spring (MAM)",Delaware,Mid-Century,Intermediate emissions (SSP2-4.5),Spring (MAM),ArcGIS AIX data file,8/26/25,
Mid-Century/Spring (MAM),MC_SSP245_Precip_Spring_Delaware.png,"Delaware, Mid-Century, Intermediate emissions (SSP2-4.5), Spring (MAM)",Delaware,Mid-Century,Intermediate emissions (SSP2-4.5),Spring (MAM),PNG preview image,7/9/25,
Mid-Century/Summer (JJA),MC_SSP245_Precip_Summer_Delaware.aix,"Delaware, Mid-Century, Intermediate emissions (SSP2-4.5), Summer (JJA)",Delaware,Mid-Century,Intermediate emissions (SSP2-4.5),Summer (JJA),ArcGIS AIX data file,8/26/25,
Mid-Century/Summer (JJA),MC_SSP245_Precip_Summer_Delaware.png,"Delaware, Mid-Century, Intermediate emissions (SSP2-4.5), Summer (JJA)",Delaware,Mid-Century,Intermediate emissions (SSP2-4.5),Summer (JJA),PNG preview image,7/9/25,
Mid-Century/Winter (DJF),MC_SSP245_Precip_Winter_Delaware.aix,"Delaware, Mid-Century, Intermediate emissions (SSP2-4.5), Winter (DJF)",Delaware,Mid-Century,Intermediate emissions (SSP2-4.5),Winter (DJF),ArcGIS AIX data file,8/25/25,
Mid-Century/Winter (DJF),MC_SSP245_Precip_Winter_Delaware.png,"Delaware, Mid-Century, Intermediate emissions (SSP2-4.5), Winter (DJF)",Delaware,Mid-Century,Intermediate emissions (SSP2-4.5),Winter (DJF),PNG preview image,7/9/25,
Late-Century/Annual,LC_SSP370_HI_Annual_Precip_070626.aix,"Hawaii, Late-Century, High emissions (SSP3-7.0), Annual",Hawaii,Late-Century,High emissions (SSP3-7.0),Annual,ArcGIS AIX data file,7/6/26,
Late-Century/Annual,LC_SSP370_HI_Annual_Precip_070626.jpg,"Hawaii, Late-Century, High emissions (SSP3-7.0), Annual",Hawaii,Late-Century,High emissions (SSP3-7.0),Annual,JPEG preview image,7/6/26,
Late-Century/Fall (SON),LC_SSP370_HI_SON_Precip_070626.aix,"Hawaii, Late-Century, High emissions (SSP3-7.0), Fall (SON)",Hawaii,Late-Century,High emissions (SSP3-7.0),Fall (SON),ArcGIS AIX data file,7/6/26,
Late-Century/Fall (SON),LC_SSP370_HI_SON_Precip_070626.jpg,"Hawaii, Late-Century, High emissions (SSP3-7.0), Fall (SON)",Hawaii,Late-Century,High emissions (SSP3-7.0),Fall (SON),JPEG preview image,7/6/26,
Late-Century/Spring (MAM),LC_SSP370_HI_MAM_Precip_070626.aix,"Hawaii, Late-Century, High emissions (SSP3-7.0), Spring (MAM)",Hawaii,Late-Century,High emissions (SSP3-7.0),Spring (MAM),ArcGIS AIX data file,7/6/26,
Late-Century/Spring (MAM),LC_SSP370_HI_MAM_Precip_070626.jpg,"Hawaii, Late-Century, High emissions (SSP3-7.0), Spring (MAM)",Hawaii,Late-Century,High emissions (SSP3-7.0),Spring (MAM),JPEG preview image,7/6/26,
Late-Century/Summer (JJA),LC_SSP370_HI_JJA_Precip_070626.aix,"Hawaii, Late-Century, High emissions (SSP3-7.0), Summer (JJA)",Hawaii,Late-Century,High emissions (SSP3-7.0),Summer (JJA),ArcGIS AIX data file,7/6/26,
Late-Century/Summer (JJA),LC_SSP370_HI_JJA_Precip_070626.jpg,"Hawaii, Late-Century, High emissions (SSP3-7.0), Summer (JJA)",Hawaii,Late-Century,High emissions (SSP3-7.0),Summer (JJA),JPEG preview image,7/6/26,
Late-Century/Winter (DJF),LC_SSP370_HI_DJF_Precip_070626.aix,"Hawaii, Late-Century, High emissions (SSP3-7.0), Winter (DJF)",Hawaii,Late-Century,High emissions (SSP3-7.0),Winter (DJF),ArcGIS AIX data file,7/6/26,
Late-Century/Winter (DJF),LC_SSP370_HI_DJF_Precip_070626.jpg,"Hawaii, Late-Century, High emissions (SSP3-7.0), Winter (DJF)",Hawaii,Late-Century,High emissions (SSP3-7.0),Winter (DJF),JPEG preview image,7/6/26,
Late-Century/Annual,LC_SSP245_HI_Annual_Precip_070626.aix,"Hawaii, Late-Century, Intermediate emissions (SSP2-4.5), Annual",Hawaii,Late-Century,Intermediate emissions (SSP2-4.5),Annual,ArcGIS AIX data file,7/6/26,
Late-Century/Annual,LC_SSP245_HI_Annual_Precip_070626.jpg,"Hawaii, Late-Century, Intermediate emissions (SSP2-4.5), Annual",Hawaii,Late-Century,Intermediate emissions (SSP2-4.5),Annual,JPEG preview image,7/6/26,
Late-Century/Fall (SON),LC_SSP245_HI_SON_Precip_070626.aix,"Hawaii, Late-Century, Intermediate emissions (SSP2-4.5), Fall (SON)",Hawaii,Late-Century,Intermediate emissions (SSP2-4.5),Fall (SON),ArcGIS AIX data file,7/6/26,
Late-Century/Fall (SON),LC_SSP245_HI_SON_Precip_070626.jpg,"Hawaii, Late-Century, Intermediate emissions (SSP2-4.5), Fall (SON)",Hawaii,Late-Century,Intermediate emissions (SSP2-4.5),Fall (SON),JPEG preview image,7/6/26,
Late-Century/Spring (MAM),LC_SSP245_HI_MAM_Precip_070626.aix,"Hawaii, Late-Century, Intermediate emissions (SSP2-4.5), Spring (MAM)",Hawaii,Late-Century,Intermediate emissions (SSP2-4.5),Spring (MAM),ArcGIS AIX data file,7/6/26,
Late-Century/Spring (MAM),LC_SSP245_HI_MAM_Precip_070626.jpg,"Hawaii, Late-Century, Intermediate emissions (SSP2-4.5), Spring (MAM)",Hawaii,Late-Century,Intermediate emissions (SSP2-4.5),Spring (MAM),JPEG preview image,7/6/26,
Late-Century/Summer (JJA),LC_SSP245_HI_JJA_Precip_070626.aix,"Hawaii, Late-Century, Intermediate emissions (SSP2-4.5), Summer (JJA)",Hawaii,Late-Century,Intermediate emissions (SSP2-4.5),Summer (JJA),ArcGIS AIX data file,7/6/26,
Late-Century/Summer (JJA),LC_SSP245_HI_JJA_Precip_070626.jpg,"Hawaii, Late-Century, Intermediate emissions (SSP2-4.5), Summer (JJA)",Hawaii,Late-Century,Intermediate emissions (SSP2-4.5),Summer (JJA),JPEG preview image,7/6/26,
Late-Century/Winter (DJF),LC_SSP245_HI_DJF_Precip_070626.aix,"Hawaii, Late-Century, Intermediate emissions (SSP2-4.5), Winter (DJF)",Hawaii,Late-Century,Intermediate emissions (SSP2-4.5),Winter (DJF),ArcGIS AIX data file,7/6/26,
Late-Century/Winter (DJF),LC_SSP245_HI_DJF_Precip_070626.jpg,"Hawaii, Late-Century, Intermediate emissions (SSP2-4.5), Winter (DJF)",Hawaii,Late-Century,Intermediate emissions (SSP2-4.5),Winter (DJF),JPEG preview image,7/6/26,
Late-Century/Annual,LC_SSP126_HI_Annual_Precip_070626.aix,"Hawaii, Late-Century, Low emissions (SSP1-2.6), Annual",Hawaii,Late-Century,Low emissions (SSP1-2.6),Annual,ArcGIS AIX data file,7/6/26,
Late-Century/Annual,LC_SSP126_HI_Annual_Precip_070626.jpg,"Hawaii, Late-Century, Low emissions (SSP1-2.6), Annual",Hawaii,Late-Century,Low emissions (SSP1-2.6),Annual,JPEG preview image,7/6/26,
Late-Century/Fall (SON),LC_SSP126_HI_SON_Precip_070626.aix,"Hawaii, Late-Century, Low emissions (SSP1-2.6), Fall (SON)",Hawaii,Late-Century,Low emissions (SSP1-2.6),Fall (SON),ArcGIS AIX data file,7/6/26,
Late-Century/Fall (SON),LC_SSP126_HI_SON_Precip_070626.jpg,"Hawaii, Late-Century, Low emissions (SSP1-2.6), Fall (SON)",Hawaii,Late-Century,Low emissions (SSP1-2.6),Fall (SON),JPEG preview image,7/6/26,
Late-Century/Spring (MAM),LC_SSP126_HI_MAM_Precip_070626.aix,"Hawaii, Late-Century, Low emissions (SSP1-2.6), Spring (MAM)",Hawaii,Late-Century,Low emissions (SSP1-2.6),Spring (MAM),ArcGIS AIX data file,7/6/26,
Late-Century/Spring (MAM),LC_SSP126_HI_MAM_Precip_070626.jpg,"Hawaii, Late-Century, Low emissions (SSP1-2.6), Spring (MAM)",Hawaii,Late-Century,Low emissions (SSP1-2.6),Spring (MAM),JPEG preview image,7/6/26,
Late-Century/Summer (JJA),LC_SSP126_HI_JJA_Precip_070626.aix,"Hawaii, Late-Century, Low emissions (SSP1-2.6), Summer (JJA)",Hawaii,Late-Century,Low emissions (SSP1-2.6),Summer (JJA),ArcGIS AIX data file,7/6/26,
Late-Century/Summer (JJA),LC_SSP126_HI_JJA_Precip_070626.jpg,"Hawaii, Late-Century, Low emissions (SSP1-2.6), Summer (JJA)",Hawaii,Late-Century,Low emissions (SSP1-2.6),Summer (JJA),JPEG preview image,7/6/26,
Late-Century/Winter (DJF),LC_SSP126_HI_DJF_Precip_070626.aix,"Hawaii, Late-Century, Low emissions (SSP1-2.6), Winter (DJF)",Hawaii,Late-Century,Low emissions (SSP1-2.6),Winter (DJF),ArcGIS AIX data file,7/6/26,
Late-Century/Winter (DJF),LC_SSP126_HI_DJF_Precip_070626.jpg,"Hawaii, Late-Century, Low emissions (SSP1-2.6), Winter (DJF)",Hawaii,Late-Century,Low emissions (SSP1-2.6),Winter (DJF),JPEG preview image,7/6/26,
Late-Century/Annual,LC_SSP585_HI_Annual_Precip_070626.aix,"Hawaii, Late-Century, Very high emissions (SSP5-8.5), Annual",Hawaii,Late-Century,Very high emissions (SSP5-8.5),Annual,ArcGIS AIX data file,7/6/26,
Late-Century/Annual,LC_SSP585_HI_Annual_Precip_070626.jpg,"Hawaii, Late-Century, Very high emissions (SSP5-8.5), Annual",Hawaii,Late-Century,Very high emissions (SSP5-8.5),Annual,JPEG preview image,7/6/26,
Late-Century/Fall (SON),LC_SSP585_HI_SON_Precip_070626.aix,"Hawaii, Late-Century, Very high emissions (SSP5-8.5), Fall (SON)",Hawaii,Late-Century,Very high emissions (SSP5-8.5),Fall (SON),ArcGIS AIX data file,7/6/26,
Late-Century/Fall (SON),LC_SSP585_HI_SON_Precip_070626.jpg,"Hawaii, Late-Century, Very high emissions (SSP5-8.5), Fall (SON)",Hawaii,Late-Century,Very high emissions (SSP5-8.5),Fall (SON),JPEG preview image,7/6/26,
Late-Century/Spring (MAM),LC_SSP585_HI_MAM_Precip_070626.aix,"Hawaii, Late-Century, Very high emissions (SSP5-8.5), Spring (MAM)",Hawaii,Late-Century,Very high emissions (SSP5-8.5),Spring (MAM),ArcGIS AIX data file,7/6/26,
Late-Century/Spring (MAM),LC_SSP585_HI_MAM_Precip_070626.jpg,"Hawaii, Late-Century, Very high emissions (SSP5-8.5), Spring (MAM)",Hawaii,Late-Century,Very high emissions (SSP5-8.5),Spring (MAM),JPEG preview image,7/6/26,
Late-Century/Summer (JJA),LC_SSP585_HI_JJA_Precip_070626.aix,"Hawaii, Late-Century, Very high emissions (SSP5-8.5), Summer (JJA)",Hawaii,Late-Century,Very high emissions (SSP5-8.5),Summer (JJA),ArcGIS AIX data file,7/6/26,
Late-Century/Summer (JJA),LC_SSP585_HI_JJA_Precip_070626.jpg,"Hawaii, Late-Century, Very high emissions (SSP5-8.5), Summer (JJA)",Hawaii,Late-Century,Very high emissions (SSP5-8.5),Summer (JJA),JPEG preview image,7/6/26,
Late-Century/Winter (DJF),LC_SSP585_HI_DJF_Precip_070626.aix,"Hawaii, Late-Century, Very high emissions (SSP5-8.5), Winter (DJF)",Hawaii,Late-Century,Very high emissions (SSP5-8.5),Winter (DJF),ArcGIS AIX data file,7/6/26,
Late-Century/Winter (DJF),LC_SSP585_HI_DJF_Precip_070626.jpg,"Hawaii, Late-Century, Very high emissions (SSP5-8.5), Winter (DJF)",Hawaii,Late-Century,Very high emissions (SSP5-8.5),Winter (DJF),JPEG preview image,7/6/26,
Mid-Century/Annual,MC_SSP370_HI_Annual_Precip_070626.aix,"Hawaii, Mid-Century, High emissions (SSP3-7.0), Annual",Hawaii,Mid-Century,High emissions (SSP3-7.0),Annual,ArcGIS AIX data file,7/6/26,
Mid-Century/Annual,MC_SSP370_HI_Annual_Precip_070626.jpg,"Hawaii, Mid-Century, High emissions (SSP3-7.0), Annual",Hawaii,Mid-Century,High emissions (SSP3-7.0),Annual,JPEG preview image,7/6/26,
Mid-Century/Fall (SON),MC_SSP370_HI_SON_Precip_070626.aix,"Hawaii, Mid-Century, High emissions (SSP3-7.0), Fall (SON)",Hawaii,Mid-Century,High emissions (SSP3-7.0),Fall (SON),ArcGIS AIX data file,7/6/26,
Mid-Century/Fall (SON),MC_SSP370_HI_SON_Precip_070626.jpg,"Hawaii, Mid-Century, High emissions (SSP3-7.0), Fall (SON)",Hawaii,Mid-Century,High emissions (SSP3-7.0),Fall (SON),JPEG preview image,7/6/26,
Mid-Century/Spring (MAM),MC_SSP370_HI_MAM_Precip_070626.aix,"Hawaii, Mid-Century, High emissions (SSP3-7.0), Spring (MAM)",Hawaii,Mid-Century,High emissions (SSP3-7.0),Spring (MAM),ArcGIS AIX data file,7/6/26,
Mid-Century/Spring (MAM),MC_SSP370_HI_MAM_Precip_070626.jpg,"Hawaii, Mid-Century, High emissions (SSP3-7.0), Spring (MAM)",Hawaii,Mid-Century,High emissions (SSP3-7.0),Spring (MAM),JPEG preview image,7/6/26,
Mid-Century/Summer (JJA),MC_SSP370_HI_JJA_Precip_070626.aix,"Hawaii, Mid-Century, High emissions (SSP3-7.0), Summer (JJA)",Hawaii,Mid-Century,High emissions (SSP3-7.0),Summer (JJA),ArcGIS AIX data file,7/6/26,
Mid-Century/Summer (JJA),MC_SSP370_HI_JJA_Precip_070626.jpg,"Hawaii, Mid-Century, High emissions (SSP3-7.0), Summer (JJA)",Hawaii,Mid-Century,High emissions (SSP3-7.0),Summer (JJA),JPEG preview image,7/6/26,
Mid-Century/Winter (DJF),MC_SSP370_HI_DJF_Precip_070626.aix,"Hawaii, Mid-Century, High emissions (SSP3-7.0), Winter (DJF)",Hawaii,Mid-Century,High emissions (SSP3-7.0),Winter (DJF),ArcGIS AIX data file,7/6/26,
Mid-Century/Winter (DJF),MC_SSP370_HI_DJF_Precip_070626.jpg,"Hawaii, Mid-Century, High emissions (SSP3-7.0), Winter (DJF)",Hawaii,Mid-Century,High emissions (SSP3-7.0),Winter (DJF),JPEG preview image,7/6/26,
Mid-Century/Annual,MC_SSP245_HI_Annual_Precip_121925.ai,"Hawaii, Mid-Century, Intermediate emissions (SSP2-4.5), Annual",Hawaii,Mid-Century,Intermediate emissions (SSP2-4.5),Annual,Adobe Illustrator source,12/22/25,
Mid-Century/Annual,MC_SSP245_HI_Annual_Precip_070626.aix,"Hawaii, Mid-Century, Intermediate emissions (SSP2-4.5), Annual",Hawaii,Mid-Century,Intermediate emissions (SSP2-4.5),Annual,ArcGIS AIX data file,7/6/26,
Mid-Century/Annual,MC_SSP245_HI_Annual_Precip_070626.jpg,"Hawaii, Mid-Century, Intermediate emissions (SSP2-4.5), Annual",Hawaii,Mid-Century,Intermediate emissions (SSP2-4.5),Annual,JPEG preview image,7/6/26,
Mid-Century/Fall (SON),MC_SSP245_HI_SON_Precip_070626.aix,"Hawaii, Mid-Century, Intermediate emissions (SSP2-4.5), Fall (SON)",Hawaii,Mid-Century,Intermediate emissions (SSP2-4.5),Fall (SON),ArcGIS AIX data file,7/6/26,
Mid-Century/Fall (SON),MC_SSP245_HI_SON_Precip_070626.jpg,"Hawaii, Mid-Century, Intermediate emissions (SSP2-4.5), Fall (SON)",Hawaii,Mid-Century,Intermediate emissions (SSP2-4.5),Fall (SON),JPEG preview image,7/6/26,
Mid-Century/Spring (MAM),MC_SSP245_HI_MAM_Precip_070626.aix,"Hawaii, Mid-Century, Intermediate emissions (SSP2-4.5), Spring (MAM)",Hawaii,Mid-Century,Intermediate emissions (SSP2-4.5),Spring (MAM),ArcGIS AIX data file,7/6/26,
Mid-Century/Spring (MAM),MC_SSP245_HI_MAM_Precip_070626.jpg,"Hawaii, Mid-Century, Intermediate emissions (SSP2-4.5), Spring (MAM)",Hawaii,Mid-Century,Intermediate emissions (SSP2-4.5),Spring (MAM),JPEG preview image,7/6/26,
Mid-Century/Summer (JJA),MC_SSP245_HI_JJA_Precip_070626.aix,"Hawaii, Mid-Century, Intermediate emissions (SSP2-4.5), Summer (JJA)",Hawaii,Mid-Century,Intermediate emissions (SSP2-4.5),Summer (JJA),ArcGIS AIX data file,7/6/26,
Mid-Century/Summer (JJA),MC_SSP245_HI_JJA_Precip_070626.jpg,"Hawaii, Mid-Century, Intermediate emissions (SSP2-4.5), Summer (JJA)",Hawaii,Mid-Century,Intermediate emissions (SSP2-4.5),Summer (JJA),JPEG preview image,7/6/26,
Mid-Century/Winter (DJF),MC_SSP245_HI_DJF_Precip_070626.aix,"Hawaii, Mid-Century, Intermediate emissions (SSP2-4.5), Winter (DJF)",Hawaii,Mid-Century,Intermediate emissions (SSP2-4.5),Winter (DJF),ArcGIS AIX data file,7/6/26,
Mid-Century/Winter (DJF),MC_SSP245_HI_DJF_Precip_070626.jpg,"Hawaii, Mid-Century, Intermediate emissions (SSP2-4.5), Winter (DJF)",Hawaii,Mid-Century,Intermediate emissions (SSP2-4.5),Winter (DJF),JPEG preview image,7/6/26,
Mid-Century/Annual,MC_SSP126_HI_Annual_Precip_070626.aix,"Hawaii, Mid-Century, Low emissions (SSP1-2.6), Annual",Hawaii,Mid-Century,Low emissions (SSP1-2.6),Annual,ArcGIS AIX data file,7/6/26,
Mid-Century/Annual,MC_SSP126_HI_Annual_Precip_070626.jpg,"Hawaii, Mid-Century, Low emissions (SSP1-2.6), Annual",Hawaii,Mid-Century,Low emissions (SSP1-2.6),Annual,JPEG preview image,7/6/26,
Mid-Century/Fall (SON),MC_SSP126_HI_SON_Precip_070626.aix,"Hawaii, Mid-Century, Low emissions (SSP1-2.6), Fall (SON)",Hawaii,Mid-Century,Low emissions (SSP1-2.6),Fall (SON),ArcGIS AIX data file,7/6/26,
Mid-Century/Fall (SON),MC_SSP126_HI_SON_Precip_070626.jpg,"Hawaii, Mid-Century, Low emissions (SSP1-2.6), Fall (SON)",Hawaii,Mid-Century,Low emissions (SSP1-2.6),Fall (SON),JPEG preview image,7/6/26,
Mid-Century/Spring (MAM),MC_SSP126_HI_MAM_Precip_070626.aix,"Hawaii, Mid-Century, Low emissions (SSP1-2.6), Spring (MAM)",Hawaii,Mid-Century,Low emissions (SSP1-2.6),Spring (MAM),ArcGIS AIX data file,7/6/26,
Mid-Century/Spring (MAM),MC_SSP126_HI_MAM_Precip_070626.jpg,"Hawaii, Mid-Century, Low emissions (SSP1-2.6), Spring (MAM)",Hawaii,Mid-Century,Low emissions (SSP1-2.6),Spring (MAM),JPEG preview image,7/6/26,
Mid-Century/Summer (JJA),MC_SSP126_HI_JJA_Precip_070626.aix,"Hawaii, Mid-Century, Low emissions (SSP1-2.6), Summer (JJA)",Hawaii,Mid-Century,Low emissions (SSP1-2.6),Summer (JJA),ArcGIS AIX data file,7/6/26,
Mid-Century/Summer (JJA),MC_SSP126_HI_JJA_Precip_070626.jpg,"Hawaii, Mid-Century, Low emissions (SSP1-2.6), Summer (JJA)",Hawaii,Mid-Century,Low emissions (SSP1-2.6),Summer (JJA),JPEG preview image,7/6/26,
Mid-Century/Winter (DJF),MC_SSP126_HI_DJF_Precip_070626.aix,"Hawaii, Mid-Century, Low emissions (SSP1-2.6), Winter (DJF)",Hawaii,Mid-Century,Low emissions (SSP1-2.6),Winter (DJF),ArcGIS AIX data file,7/6/26,
Mid-Century/Winter (DJF),MC_SSP126_HI_DJF_Precip_070626.jpg,"Hawaii, Mid-Century, Low emissions (SSP1-2.6), Winter (DJF)",Hawaii,Mid-Century,Low emissions (SSP1-2.6),Winter (DJF),JPEG preview image,7/6/26,
Mid-Century/Annual,MC_SSP585_HI_Annual_Precip_070626.aix,"Hawaii, Mid-Century, Very high emissions (SSP5-8.5), Annual",Hawaii,Mid-Century,Very high emissions (SSP5-8.5),Annual,ArcGIS AIX data file,7/6/26,
Mid-Century/Annual,MC_SSP585_HI_Annual_Precip_070626.jpg,"Hawaii, Mid-Century, Very high emissions (SSP5-8.5), Annual",Hawaii,Mid-Century,Very high emissions (SSP5-8.5),Annual,JPEG preview image,7/6/26,
Mid-Century/Fall (SON),MC_SSP585_HI_SON_Precip_070626.aix,"Hawaii, Mid-Century, Very high emissions (SSP5-8.5), Fall (SON)",Hawaii,Mid-Century,Very high emissions (SSP5-8.5),Fall (SON),ArcGIS AIX data file,7/6/26,
Mid-Century/Fall (SON),MC_SSP585_HI_SON_Precip_070626.jpg,"Hawaii, Mid-Century, Very high emissions (SSP5-8.5), Fall (SON)",Hawaii,Mid-Century,Very high emissions (SSP5-8.5),Fall (SON),JPEG preview image,7/6/26,
Mid-Century/Spring (MAM),MC_SSP585_HI_MAM_Precip_070626.aix,"Hawaii, Mid-Century, Very high emissions (SSP5-8.5), Spring (MAM)",Hawaii,Mid-Century,Very high emissions (SSP5-8.5),Spring (MAM),ArcGIS AIX data file,7/6/26,
Mid-Century/Spring (MAM),MC_SSP585_HI_MAM_Precip_070626.jpg,"Hawaii, Mid-Century, Very high emissions (SSP5-8.5), Spring (MAM)",Hawaii,Mid-Century,Very high emissions (SSP5-8.5),Spring (MAM),JPEG preview image,7/6/26,
Mid-Century/Summer (JJA),MC_SSP585_HI_JJA_Precip_070626.aix,"Hawaii, Mid-Century, Very high emissions (SSP5-8.5), Summer (JJA)",Hawaii,Mid-Century,Very high emissions (SSP5-8.5),Summer (JJA),ArcGIS AIX data file,7/6/26,
Mid-Century/Summer (JJA),MC_SSP585_HI_JJA_Precip_070626.jpg,"Hawaii, Mid-Century, Very high emissions (SSP5-8.5), Summer (JJA)",Hawaii,Mid-Century,Very high emissions (SSP5-8.5),Summer (JJA),JPEG preview image,7/6/26,
Mid-Century/Winter (DJF),MC_SSP585_HI_DJF_Precip_070626.aix,"Hawaii, Mid-Century, Very high emissions (SSP5-8.5), Winter (DJF)",Hawaii,Mid-Century,Very high emissions (SSP5-8.5),Winter (DJF),ArcGIS AIX data file,7/6/26,
Mid-Century/Winter (DJF),MC_SSP585_HI_DJF_Precip_070626.jpg,"Hawaii, Mid-Century, Very high emissions (SSP5-8.5), Winter (DJF)",Hawaii,Mid-Century,Very high emissions (SSP5-8.5),Winter (DJF),JPEG preview image,7/6/26,
Mid-Century/Annual,MC_SSP245_IL_Annual_Precip_053025.ai,"Illinois, Mid-Century, Intermediate emissions (SSP2-4.5), Annual",Illinois,Mid-Century,Intermediate emissions (SSP2-4.5),Annual,Adobe Illustrator source,5/30/25,
Mid-Century/Annual,MC_SSP245_IL_Annual_Precip_052725.aix,"Illinois, Mid-Century, Intermediate emissions (SSP2-4.5), Annual",Illinois,Mid-Century,Intermediate emissions (SSP2-4.5),Annual,ArcGIS AIX data file,5/27/25,
Mid-Century/Annual,MC_SSP245_IL_Annual_Precip_052725.jpg,"Illinois, Mid-Century, Intermediate emissions (SSP2-4.5), Annual",Illinois,Mid-Century,Intermediate emissions (SSP2-4.5),Annual,JPEG preview image,5/27/25,
Mid-Century/Fall (SON),MC_SSP245_IL_SON_Precip_052725.aix,"Illinois, Mid-Century, Intermediate emissions (SSP2-4.5), Fall (SON)",Illinois,Mid-Century,Intermediate emissions (SSP2-4.5),Fall (SON),ArcGIS AIX data file,5/27/25,
Mid-Century/Fall (SON),MC_SSP245_IL_SON_Precip_052725.jpg,"Illinois, Mid-Century, Intermediate emissions (SSP2-4.5), Fall (SON)",Illinois,Mid-Century,Intermediate emissions (SSP2-4.5),Fall (SON),JPEG preview image,5/27/25,
Mid-Century/Spring (MAM),MC_SSP245_IL_MAM_Precip_053025.ai,"Illinois, Mid-Century, Intermediate emissions (SSP2-4.5), Spring (MAM)",Illinois,Mid-Century,Intermediate emissions (SSP2-4.5),Spring (MAM),Adobe Illustrator source,5/30/25,
Mid-Century/Spring (MAM),MC_SSP245_IL_MAM_Precip_052725.aix,"Illinois, Mid-Century, Intermediate emissions (SSP2-4.5), Spring (MAM)",Illinois,Mid-Century,Intermediate emissions (SSP2-4.5),Spring (MAM),ArcGIS AIX data file,5/27/25,
Mid-Century/Spring (MAM),MC_SSP245_IL_MAM_Precip_052725.jpg,"Illinois, Mid-Century, Intermediate emissions (SSP2-4.5), Spring (MAM)",Illinois,Mid-Century,Intermediate emissions (SSP2-4.5),Spring (MAM),JPEG preview image,5/27/25,
Mid-Century/Summer (JJA),MC_SSP245_IL_JJA_Precip_052725.aix,"Illinois, Mid-Century, Intermediate emissions (SSP2-4.5), Summer (JJA)",Illinois,Mid-Century,Intermediate emissions (SSP2-4.5),Summer (JJA),ArcGIS AIX data file,5/27/25,
Mid-Century/Summer (JJA),MC_SSP245_IL_JJA_Precip_052725.jpg,"Illinois, Mid-Century, Intermediate emissions (SSP2-4.5), Summer (JJA)",Illinois,Mid-Century,Intermediate emissions (SSP2-4.5),Summer (JJA),JPEG preview image,5/27/25,
Mid-Century/Winter (DJF),MC_SSP245_IL_DJF_Precip_052725.aix,"Illinois, Mid-Century, Intermediate emissions (SSP2-4.5), Winter (DJF)",Illinois,Mid-Century,Intermediate emissions (SSP2-4.5),Winter (DJF),ArcGIS AIX data file,5/27/25,
Mid-Century/Winter (DJF),MC_SSP245_IL_DJF_Precip_052725.jpg,"Illinois, Mid-Century, Intermediate emissions (SSP2-4.5), Winter (DJF)",Illinois,Mid-Century,Intermediate emissions (SSP2-4.5),Winter (DJF),JPEG preview image,5/27/25,
Mid-Century/Annual,MC_SSP245_IN_Annual_Precip_053025.ai,"Indiana, Mid-Century, Intermediate emissions (SSP2-4.5), Annual",Indiana,Mid-Century,Intermediate emissions (SSP2-4.5),Annual,Adobe Illustrator source,5/30/25,
Mid-Century/Annual,MC_SSP245_IN_Annual_Precip_052725.aix,"Indiana, Mid-Century, Intermediate emissions (SSP2-4.5), Annual",Indiana,Mid-Century,Intermediate emissions (SSP2-4.5),Annual,ArcGIS AIX data file,5/27/25,
Mid-Century/Annual,MC_SSP245_IN_Annual_Precip_052725.jpg,"Indiana, Mid-Century, Intermediate emissions (SSP2-4.5), Annual",Indiana,Mid-Century,Intermediate emissions (SSP2-4.5),Annual,JPEG preview image,5/27/25,
Mid-Century/Fall (SON),MC_SSP245_IN_SON_Precip_052725.aix,"Indiana, Mid-Century, Intermediate emissions (SSP2-4.5), Fall (SON)",Indiana,Mid-Century,Intermediate emissions (SSP2-4.5),Fall (SON),ArcGIS AIX data file,5/27/25,
Mid-Century/Fall (SON),MC_SSP245_IN_SON_Precip_052725.jpg,"Indiana, Mid-Century, Intermediate emissions (SSP2-4.5), Fall (SON)",Indiana,Mid-Century,Intermediate emissions (SSP2-4.5),Fall (SON),JPEG preview image,5/27/25,
Mid-Century/Spring (MAM),MC_SSP245_IN_MAM_Precip_053025.ai,"Indiana, Mid-Century, Intermediate emissions (SSP2-4.5), Spring (MAM)",Indiana,Mid-Century,Intermediate emissions (SSP2-4.5),Spring (MAM),Adobe Illustrator source,5/30/25,
Mid-Century/Spring (MAM),MC_SSP245_IN_MAM_Precip_052725.aix,"Indiana, Mid-Century, Intermediate emissions (SSP2-4.5), Spring (MAM)",Indiana,Mid-Century,Intermediate emissions (SSP2-4.5),Spring (MAM),ArcGIS AIX data file,5/27/25,
Mid-Century/Spring (MAM),MC_SSP245_IN_MAM_Precip_052725.jpg,"Indiana, Mid-Century, Intermediate emissions (SSP2-4.5), Spring (MAM)",Indiana,Mid-Century,Intermediate emissions (SSP2-4.5),Spring (MAM),JPEG preview image,5/27/25,
Mid-Century/Summer (JJA),MC_SSP245_IN_JJA_Precip_052725.aix,"Indiana, Mid-Century, Intermediate emissions (SSP2-4.5), Summer (JJA)",Indiana,Mid-Century,Intermediate emissions (SSP2-4.5),Summer (JJA),ArcGIS AIX data file,5/27/25,
Mid-Century/Summer (JJA),MC_SSP245_IN_JJA_Precip_052725.jpg,"Indiana, Mid-Century, Intermediate emissions (SSP2-4.5), Summer (JJA)",Indiana,Mid-Century,Intermediate emissions (SSP2-4.5),Summer (JJA),JPEG preview image,5/27/25,
Mid-Century/Winter (DJF),MC_SSP245_IN_DJF_Precip_052725.aix,"Indiana, Mid-Century, Intermediate emissions (SSP2-4.5), Winter (DJF)",Indiana,Mid-Century,Intermediate emissions (SSP2-4.5),Winter (DJF),ArcGIS AIX data file,5/27/25,
Mid-Century/Winter (DJF),MC_SSP245_IN_DJF_Precip_052725.jpg,"Indiana, Mid-Century, Intermediate emissions (SSP2-4.5), Winter (DJF)",Indiana,Mid-Century,Intermediate emissions (SSP2-4.5),Winter (DJF),JPEG preview image,5/27/25,
Mid-Century/Annual,MC_SSP245_IA_Annual_Precip_053025.ai,"Iowa, Mid-Century, Intermediate emissions (SSP2-4.5), Annual",Iowa,Mid-Century,Intermediate emissions (SSP2-4.5),Annual,Adobe Illustrator source,5/30/25,
Mid-Century/Annual,MC_SSP245_IA_Annual_Precip_052725.aix,"Iowa, Mid-Century, Intermediate emissions (SSP2-4.5), Annual",Iowa,Mid-Century,Intermediate emissions (SSP2-4.5),Annual,ArcGIS AIX data file,5/27/25,
Mid-Century/Annual,MC_SSP245_IA_Annual_Precip_052725.jpg,"Iowa, Mid-Century, Intermediate emissions (SSP2-4.5), Annual",Iowa,Mid-Century,Intermediate emissions (SSP2-4.5),Annual,JPEG preview image,5/27/25,
Mid-Century/Fall (SON),MC_SSP245_IA_SON_Precip_052725.aix,"Iowa, Mid-Century, Intermediate emissions (SSP2-4.5), Fall (SON)",Iowa,Mid-Century,Intermediate emissions (SSP2-4.5),Fall (SON),ArcGIS AIX data file,5/27/25,
Mid-Century/Fall (SON),MC_SSP245_IA_SON_Precip_052725.jpg,"Iowa, Mid-Century, Intermediate emissions (SSP2-4.5), Fall (SON)",Iowa,Mid-Century,Intermediate emissions (SSP2-4.5),Fall (SON),JPEG preview image,5/27/25,
Mid-Century/Spring (MAM),MC_SSP245_IA_MAM_Precip_053025.ai,"Iowa, Mid-Century, Intermediate emissions (SSP2-4.5), Spring (MAM)",Iowa,Mid-Century,Intermediate emissions (SSP2-4.5),Spring (MAM),Adobe Illustrator source,5/30/25,
Mid-Century/Spring (MAM),MC_SSP245_IA_MAM_Precip_052725.aix,"Iowa, Mid-Century, Intermediate emissions (SSP2-4.5), Spring (MAM)",Iowa,Mid-Century,Intermediate emissions (SSP2-4.5),Spring (MAM),ArcGIS AIX data file,5/27/25,
Mid-Century/Spring (MAM),MC_SSP245_IA_MAM_Precip_052725.jpg,"Iowa, Mid-Century, Intermediate emissions (SSP2-4.5), Spring (MAM)",Iowa,Mid-Century,Intermediate emissions (SSP2-4.5),Spring (MAM),JPEG preview image,5/27/25,
Mid-Century/Summer (JJA),MC_SSP245_IA_JJA_Precip_052725.aix,"Iowa, Mid-Century, Intermediate emissions (SSP2-4.5), Summer (JJA)",Iowa,Mid-Century,Intermediate emissions (SSP2-4.5),Summer (JJA),ArcGIS AIX data file,5/27/25,
Mid-Century/Summer (JJA),MC_SSP245_IA_JJA_Precip_052725.jpg,"Iowa, Mid-Century, Intermediate emissions (SSP2-4.5), Summer (JJA)",Iowa,Mid-Century,Intermediate emissions (SSP2-4.5),Summer (JJA),JPEG preview image,5/27/25,
Mid-Century/Winter (DJF),MC_SSP245_IA_DJF_Precip_052725.aix,"Iowa, Mid-Century, Intermediate emissions (SSP2-4.5), Winter (DJF)",Iowa,Mid-Century,Intermediate emissions (SSP2-4.5),Winter (DJF),ArcGIS AIX data file,5/27/25,
Mid-Century/Winter (DJF),MC_SSP245_IA_DJF_Precip_052725.jpg,"Iowa, Mid-Century, Intermediate emissions (SSP2-4.5), Winter (DJF)",Iowa,Mid-Century,Intermediate emissions (SSP2-4.5),Winter (DJF),JPEG preview image,5/27/25,
Mid-Century/Annual,MC_SSP245_KS_Annual_Precip_053025.ai,"Kansas, Mid-Century, Intermediate emissions (SSP2-4.5), Annual",Kansas,Mid-Century,Intermediate emissions (SSP2-4.5),Annual,Adobe Illustrator source,5/30/25,
Mid-Century/Annual,MC_SSP245_KS_Annual_Precip_052725.aix,"Kansas, Mid-Century, Intermediate emissions (SSP2-4.5), Annual",Kansas,Mid-Century,Intermediate emissions (SSP2-4.5),Annual,ArcGIS AIX data file,5/27/25,
Mid-Century/Annual,MC_SSP245_KS_Annual_Precip_052725.jpg,"Kansas, Mid-Century, Intermediate emissions (SSP2-4.5), Annual",Kansas,Mid-Century,Intermediate emissions (SSP2-4.5),Annual,JPEG preview image,5/27/25,
Mid-Century/Fall (SON),MC_SSP245_KS_SON_Precip_052725.aix,"Kansas, Mid-Century, Intermediate emissions (SSP2-4.5), Fall (SON)",Kansas,Mid-Century,Intermediate emissions (SSP2-4.5),Fall (SON),ArcGIS AIX data file,5/27/25,
Mid-Century/Fall (SON),MC_SSP245_KS_SON_Precip_052725.jpg,"Kansas, Mid-Century, Intermediate emissions (SSP2-4.5), Fall (SON)",Kansas,Mid-Century,Intermediate emissions (SSP2-4.5),Fall (SON),JPEG preview image,5/27/25,
Mid-Century/Spring (MAM),MC_SSP245_KS_MAM_Precip_052725.aix,"Kansas, Mid-Century, Intermediate emissions (SSP2-4.5), Spring (MAM)",Kansas,Mid-Century,Intermediate emissions (SSP2-4.5),Spring (MAM),ArcGIS AIX data file,5/27/25,
Mid-Century/Spring (MAM),MC_SSP245_KS_MAM_Precip_052725.jpg,"Kansas, Mid-Century, Intermediate emissions (SSP2-4.5), Spring (MAM)",Kansas,Mid-Century,Intermediate emissions (SSP2-4.5),Spring (MAM),JPEG preview image,5/27/25,
Mid-Century/Summer (JJA),MC_SSP245_KS_JJA_Precip_053025.ai,"Kansas, Mid-Century, Intermediate emissions (SSP2-4.5), Summer (JJA)",Kansas,Mid-Century,Intermediate emissions (SSP2-4.5),Summer (JJA),Adobe Illustrator source,5/30/25,
Mid-Century/Summer (JJA),MC_SSP245_KS_JJA_Precip_052725.aix,"Kansas, Mid-Century, Intermediate emissions (SSP2-4.5), Summer (JJA)",Kansas,Mid-Century,Intermediate emissions (SSP2-4.5),Summer (JJA),ArcGIS AIX data file,5/27/25,
Mid-Century/Summer (JJA),MC_SSP245_KS_JJA_Precip_052725.jpg,"Kansas, Mid-Century, Intermediate emissions (SSP2-4.5), Summer (JJA)",Kansas,Mid-Century,Intermediate emissions (SSP2-4.5),Summer (JJA),JPEG preview image,5/27/25,
Mid-Century/Winter (DJF),MC_SSP245_KS_DJF_Precip_052725.aix,"Kansas, Mid-Century, Intermediate emissions (SSP2-4.5), Winter (DJF)",Kansas,Mid-Century,Intermediate emissions (SSP2-4.5),Winter (DJF),ArcGIS AIX data file,5/27/25,
Mid-Century/Winter (DJF),MC_SSP245_KS_DJF_Precip_052725.jpg,"Kansas, Mid-Century, Intermediate emissions (SSP2-4.5), Winter (DJF)",Kansas,Mid-Century,Intermediate emissions (SSP2-4.5),Winter (DJF),JPEG preview image,5/27/25,
Mid-Century/Annual,MC_SSP245_KY_Annual_Precip_053025.ai,"Kentucky, Mid-Century, Intermediate emissions (SSP2-4.5), Annual",Kentucky,Mid-Century,Intermediate emissions (SSP2-4.5),Annual,Adobe Illustrator source,5/30/25,
Mid-Century/Annual,MC_SSP245_KY_Annual_Precip_052725.aix,"Kentucky, Mid-Century, Intermediate emissions (SSP2-4.5), Annual",Kentucky,Mid-Century,Intermediate emissions (SSP2-4.5),Annual,ArcGIS AIX data file,5/27/25,
Mid-Century/Annual,MC_SSP245_KY_Annual_Precip_052725.jpg,"Kentucky, Mid-Century, Intermediate emissions (SSP2-4.5), Annual",Kentucky,Mid-Century,Intermediate emissions (SSP2-4.5),Annual,JPEG preview image,5/27/25,
Mid-Century/Fall (SON),MC_SSP245_KY_SON_Precip_052725.aix,"Kentucky, Mid-Century, Intermediate emissions (SSP2-4.5), Fall (SON)",Kentucky,Mid-Century,Intermediate emissions (SSP2-4.5),Fall (SON),ArcGIS AIX data file,5/27/25,
Mid-Century/Fall (SON),MC_SSP245_KY_SON_Precip_052725.jpg,"Kentucky, Mid-Century, Intermediate emissions (SSP2-4.5), Fall (SON)",Kentucky,Mid-Century,Intermediate emissions (SSP2-4.5),Fall (SON),JPEG preview image,5/27/25,
Mid-Century/Spring (MAM),MC_SSP245_KY_MAM_Precip_053025.ai,"Kentucky, Mid-Century, Intermediate emissions (SSP2-4.5), Spring (MAM)",Kentucky,Mid-Century,Intermediate emissions (SSP2-4.5),Spring (MAM),Adobe Illustrator source,5/30/25,
Mid-Century/Spring (MAM),MC_SSP245_KY_MAM_Precip_052725.aix,"Kentucky, Mid-Century, Intermediate emissions (SSP2-4.5), Spring (MAM)",Kentucky,Mid-Century,Intermediate emissions (SSP2-4.5),Spring (MAM),ArcGIS AIX data file,5/27/25,
Mid-Century/Spring (MAM),MC_SSP245_KY_MAM_Precip_052725.jpg,"Kentucky, Mid-Century, Intermediate emissions (SSP2-4.5), Spring (MAM)",Kentucky,Mid-Century,Intermediate emissions (SSP2-4.5),Spring (MAM),JPEG preview image,5/27/25,
Mid-Century/Summer (JJA),MC_SSP245_KY_JJA_Precip_052725.aix,"Kentucky, Mid-Century, Intermediate emissions (SSP2-4.5), Summer (JJA)",Kentucky,Mid-Century,Intermediate emissions (SSP2-4.5),Summer (JJA),ArcGIS AIX data file,5/27/25,
Mid-Century/Summer (JJA),MC_SSP245_KY_JJA_Precip_052725.jpg,"Kentucky, Mid-Century, Intermediate emissions (SSP2-4.5), Summer (JJA)",Kentucky,Mid-Century,Intermediate emissions (SSP2-4.5),Summer (JJA),JPEG preview image,5/27/25,
Mid-Century/Winter (DJF),MC_SSP245_KY_DJF_Precip_052725.aix,"Kentucky, Mid-Century, Intermediate emissions (SSP2-4.5), Winter (DJF)",Kentucky,Mid-Century,Intermediate emissions (SSP2-4.5),Winter (DJF),ArcGIS AIX data file,5/27/25,
Mid-Century/Winter (DJF),MC_SSP245_KY_DJF_Precip_052725.jpg,"Kentucky, Mid-Century, Intermediate emissions (SSP2-4.5), Winter (DJF)",Kentucky,Mid-Century,Intermediate emissions (SSP2-4.5),Winter (DJF),JPEG preview image,5/27/25,
Mid-Century/Annual,MC_SSP245_Precip_Annual_Louisiana.aix,"Louisiana, Mid-Century, Intermediate emissions (SSP2-4.5), Annual",Louisiana,Mid-Century,Intermediate emissions (SSP2-4.5),Annual,ArcGIS AIX data file,7/8/25,
Mid-Century/Annual,MC_SSP245_Precip_Annual_Louisiana.png,"Louisiana, Mid-Century, Intermediate emissions (SSP2-4.5), Annual",Louisiana,Mid-Century,Intermediate emissions (SSP2-4.5),Annual,PNG preview image,7/7/25,
Mid-Century/Fall (SON),MC_SSP245_Precip_Fall_Louisiana.aix,"Louisiana, Mid-Century, Intermediate emissions (SSP2-4.5), Fall (SON)",Louisiana,Mid-Century,Intermediate emissions (SSP2-4.5),Fall (SON),ArcGIS AIX data file,7/8/25,
Mid-Century/Fall (SON),MC_SSP245_Precip_Fall_Louisiana.png,"Louisiana, Mid-Century, Intermediate emissions (SSP2-4.5), Fall (SON)",Louisiana,Mid-Century,Intermediate emissions (SSP2-4.5),Fall (SON),PNG preview image,7/7/25,
Mid-Century/Spring (MAM),MC_SSP245_Precip_Spring_Louisiana.aix,"Louisiana, Mid-Century, Intermediate emissions (SSP2-4.5), Spring (MAM)",Louisiana,Mid-Century,Intermediate emissions (SSP2-4.5),Spring (MAM),ArcGIS AIX data file,7/8/25,
Mid-Century/Spring (MAM),MC_SSP245_Precip_Spring_Louisiana.png,"Louisiana, Mid-Century, Intermediate emissions (SSP2-4.5), Spring (MAM)",Louisiana,Mid-Century,Intermediate emissions (SSP2-4.5),Spring (MAM),PNG preview image,7/7/25,
Mid-Century/Summer (JJA),MC_SSP245_Precip_Summer_Louisiana.ai,"Louisiana, Mid-Century, Intermediate emissions (SSP2-4.5), Summer (JJA)",Louisiana,Mid-Century,Intermediate emissions (SSP2-4.5),Summer (JJA),Adobe Illustrator source,7/8/25,
Mid-Century/Summer (JJA),MC_SSP245_Precip_Summer_Louisiana.aix,"Louisiana, Mid-Century, Intermediate emissions (SSP2-4.5), Summer (JJA)",Louisiana,Mid-Century,Intermediate emissions (SSP2-4.5),Summer (JJA),ArcGIS AIX data file,7/8/25,
Mid-Century/Summer (JJA),MC_SSP245_Precip_Summer_Louisiana.png,"Louisiana, Mid-Century, Intermediate emissions (SSP2-4.5), Summer (JJA)",Louisiana,Mid-Century,Intermediate emissions (SSP2-4.5),Summer (JJA),PNG preview image,7/7/25,
Mid-Century/Winter (DJF),MC_SSP245_Precip_Winter_Louisiana.aix,"Louisiana, Mid-Century, Intermediate emissions (SSP2-4.5), Winter (DJF)",Louisiana,Mid-Century,Intermediate emissions (SSP2-4.5),Winter (DJF),ArcGIS AIX data file,7/8/25,
Mid-Century/Winter (DJF),MC_SSP245_Precip_Winter_Louisiana.png,"Louisiana, Mid-Century, Intermediate emissions (SSP2-4.5), Winter (DJF)",Louisiana,Mid-Century,Intermediate emissions (SSP2-4.5),Winter (DJF),PNG preview image,7/7/25,
Mid-Century/Annual,MC_SSP245_Precip_Annual_Maine.aix,"Maine, Mid-Century, Intermediate emissions (SSP2-4.5), Annual",Maine,Mid-Century,Intermediate emissions (SSP2-4.5),Annual,ArcGIS AIX data file,8/14/25,
Mid-Century/Annual,MC_SSP245_Precip_Annual_Maine.png,"Maine, Mid-Century, Intermediate emissions (SSP2-4.5), Annual",Maine,Mid-Century,Intermediate emissions (SSP2-4.5),Annual,PNG preview image,7/8/25,
Mid-Century/Fall (SON),MC_SSP245_Precip_Fall_Maine.aix,"Maine, Mid-Century, Intermediate emissions (SSP2-4.5), Fall (SON)",Maine,Mid-Century,Intermediate emissions (SSP2-4.5),Fall (SON),ArcGIS AIX data file,8/14/25,
Mid-Century/Fall (SON),MC_SSP245_Precip_Fall_Maine.png,"Maine, Mid-Century, Intermediate emissions (SSP2-4.5), Fall (SON)",Maine,Mid-Century,Intermediate emissions (SSP2-4.5),Fall (SON),PNG preview image,7/8/25,
Mid-Century/Spring (MAM),MC_SSP245_Precip_Spring_Maine.aix,"Maine, Mid-Century, Intermediate emissions (SSP2-4.5), Spring (MAM)",Maine,Mid-Century,Intermediate emissions (SSP2-4.5),Spring (MAM),ArcGIS AIX data file,8/14/25,
Mid-Century/Spring (MAM),MC_SSP245_Precip_Spring_Maine.png,"Maine, Mid-Century, Intermediate emissions (SSP2-4.5), Spring (MAM)",Maine,Mid-Century,Intermediate emissions (SSP2-4.5),Spring (MAM),PNG preview image,7/8/25,
Mid-Century/Summer (JJA),MC_SSP245_Precip_Summer_Maine.aix,"Maine, Mid-Century, Intermediate emissions (SSP2-4.5), Summer (JJA)",Maine,Mid-Century,Intermediate emissions (SSP2-4.5),Summer (JJA),ArcGIS AIX data file,8/14/25,
Mid-Century/Summer (JJA),MC_SSP245_Precip_Summer_Maine.png,"Maine, Mid-Century, Intermediate emissions (SSP2-4.5), Summer (JJA)",Maine,Mid-Century,Intermediate emissions (SSP2-4.5),Summer (JJA),PNG preview image,7/8/25,
Mid-Century/Winter (DJF),MC_SSP245_Precip_Winter_Maine.aix,"Maine, Mid-Century, Intermediate emissions (SSP2-4.5), Winter (DJF)",Maine,Mid-Century,Intermediate emissions (SSP2-4.5),Winter (DJF),ArcGIS AIX data file,8/14/25,
Mid-Century/Winter (DJF),MC_SSP245_Precip_Winter_Maine.png,"Maine, Mid-Century, Intermediate emissions (SSP2-4.5), Winter (DJF)",Maine,Mid-Century,Intermediate emissions (SSP2-4.5),Winter (DJF),PNG preview image,7/8/25,
Mid-Century/Annual,MC_SSP245_Precip_Annual_Maryland.aix,"Maryland, Mid-Century, Intermediate emissions (SSP2-4.5), Annual",Maryland,Mid-Century,Intermediate emissions (SSP2-4.5),Annual,ArcGIS AIX data file,8/25/25,
Mid-Century/Annual,MC_SSP245_Precip_Annual_Maryland.png,"Maryland, Mid-Century, Intermediate emissions (SSP2-4.5), Annual",Maryland,Mid-Century,Intermediate emissions (SSP2-4.5),Annual,PNG preview image,7/8/25,
Mid-Century/Fall (SON),MC_SSP245_Precip_Fall_Maryland.aix,"Maryland, Mid-Century, Intermediate emissions (SSP2-4.5), Fall (SON)",Maryland,Mid-Century,Intermediate emissions (SSP2-4.5),Fall (SON),ArcGIS AIX data file,8/26/25,
Mid-Century/Fall (SON),MC_SSP245_Precip_Fall_Maryland.png,"Maryland, Mid-Century, Intermediate emissions (SSP2-4.5), Fall (SON)",Maryland,Mid-Century,Intermediate emissions (SSP2-4.5),Fall (SON),PNG preview image,7/9/25,
Mid-Century/Spring (MAM),MC_SSP245_Precip_Spring_Maryland.aix,"Maryland, Mid-Century, Intermediate emissions (SSP2-4.5), Spring (MAM)",Maryland,Mid-Century,Intermediate emissions (SSP2-4.5),Spring (MAM),ArcGIS AIX data file,8/26/25,
Mid-Century/Spring (MAM),MC_SSP245_Precip_Spring_Maryland.png,"Maryland, Mid-Century, Intermediate emissions (SSP2-4.5), Spring (MAM)",Maryland,Mid-Century,Intermediate emissions (SSP2-4.5),Spring (MAM),PNG preview image,7/9/25,
Mid-Century/Summer (JJA),MC_SSP245_Precip_Summer_Maryland.aix,"Maryland, Mid-Century, Intermediate emissions (SSP2-4.5), Summer (JJA)",Maryland,Mid-Century,Intermediate emissions (SSP2-4.5),Summer (JJA),ArcGIS AIX data file,8/26/25,
Mid-Century/Summer (JJA),MC_SSP245_Precip_Summer_Maryland.png,"Maryland, Mid-Century, Intermediate emissions (SSP2-4.5), Summer (JJA)",Maryland,Mid-Century,Intermediate emissions (SSP2-4.5),Summer (JJA),PNG preview image,7/9/25,
Mid-Century/Winter (DJF),MC_SSP245_Precip_Winter_Maryland.aix,"Maryland, Mid-Century, Intermediate emissions (SSP2-4.5), Winter (DJF)",Maryland,Mid-Century,Intermediate emissions (SSP2-4.5),Winter (DJF),ArcGIS AIX data file,8/25/25,
Mid-Century/Winter (DJF),MC_SSP245_Precip_Winter_Maryland.png,"Maryland, Mid-Century, Intermediate emissions (SSP2-4.5), Winter (DJF)",Maryland,Mid-Century,Intermediate emissions (SSP2-4.5),Winter (DJF),PNG preview image,7/9/25,
Mid-Century/Annual,MC_SSP245_Precip_Annual_Massachusetts.aix,"Massachusetts, Mid-Century, Intermediate emissions (SSP2-4.5), Annual",Massachusetts,Mid-Century,Intermediate emissions (SSP2-4.5),Annual,ArcGIS AIX data file,8/14/25,
Mid-Century/Annual,MC_SSP245_Precip_Annual_Massachusetts.png,"Massachusetts, Mid-Century, Intermediate emissions (SSP2-4.5), Annual",Massachusetts,Mid-Century,Intermediate emissions (SSP2-4.5),Annual,PNG preview image,7/8/25,
Mid-Century/Fall (SON),MC_SSP245_Precip_Fall_Massachusetts.aix,"Massachusetts, Mid-Century, Intermediate emissions (SSP2-4.5), Fall (SON)",Massachusetts,Mid-Century,Intermediate emissions (SSP2-4.5),Fall (SON),ArcGIS AIX data file,8/14/25,
Mid-Century/Fall (SON),MC_SSP245_Precip_Fall_Massachusetts.png,"Massachusetts, Mid-Century, Intermediate emissions (SSP2-4.5), Fall (SON)",Massachusetts,Mid-Century,Intermediate emissions (SSP2-4.5),Fall (SON),PNG preview image,7/9/25,
Mid-Century/Spring (MAM),MC_SSP245_Precip_Spring_Massachusetts.aix,"Massachusetts, Mid-Century, Intermediate emissions (SSP2-4.5), Spring (MAM)",Massachusetts,Mid-Century,Intermediate emissions (SSP2-4.5),Spring (MAM),ArcGIS AIX data file,8/14/25,
Mid-Century/Spring (MAM),MC_SSP245_Precip_Spring_Massachusetts.png,"Massachusetts, Mid-Century, Intermediate emissions (SSP2-4.5), Spring (MAM)",Massachusetts,Mid-Century,Intermediate emissions (SSP2-4.5),Spring (MAM),PNG preview image,7/9/25,
Mid-Century/Summer (JJA),MC_SSP245_Precip_Summer_Massachusetts.aix,"Massachusetts, Mid-Century, Intermediate emissions (SSP2-4.5), Summer (JJA)",Massachusetts,Mid-Century,Intermediate emissions (SSP2-4.5),Summer (JJA),ArcGIS AIX data file,8/14/25,
Mid-Century/Summer (JJA),MC_SSP245_Precip_Summer_Massachusetts.png,"Massachusetts, Mid-Century, Intermediate emissions (SSP2-4.5), Summer (JJA)",Massachusetts,Mid-Century,Intermediate emissions (SSP2-4.5),Summer (JJA),PNG preview image,7/9/25,
Mid-Century/Winter (DJF),MC_SSP245_Precip_Winter_Massachusetts.aix,"Massachusetts, Mid-Century, Intermediate emissions (SSP2-4.5), Winter (DJF)",Massachusetts,Mid-Century,Intermediate emissions (SSP2-4.5),Winter (DJF),ArcGIS AIX data file,8/14/25,
Mid-Century/Winter (DJF),MC_SSP245_Precip_Winter_Massachusetts.png,"Massachusetts, Mid-Century, Intermediate emissions (SSP2-4.5), Winter (DJF)",Massachusetts,Mid-Century,Intermediate emissions (SSP2-4.5),Winter (DJF),PNG preview image,7/9/25,
Mid-Century/Annual,MC_SSP245_MI_Annual_Precip_053025.ai,"Michigan, Mid-Century, Intermediate emissions (SSP2-4.5), Annual",Michigan,Mid-Century,Intermediate emissions (SSP2-4.5),Annual,Adobe Illustrator source,5/30/25,
Mid-Century/Annual,MC_SSP245_MI_Annual_Precip_052725.aix,"Michigan, Mid-Century, Intermediate emissions (SSP2-4.5), Annual",Michigan,Mid-Century,Intermediate emissions (SSP2-4.5),Annual,ArcGIS AIX data file,5/27/25,
Mid-Century/Annual,MC_SSP245_MI_Annual_Precip_052725.jpg,"Michigan, Mid-Century, Intermediate emissions (SSP2-4.5), Annual",Michigan,Mid-Century,Intermediate emissions (SSP2-4.5),Annual,JPEG preview image,5/27/25,
Mid-Century/Fall (SON),MC_SSP245_MI_SON_Precip_052725.aix,"Michigan, Mid-Century, Intermediate emissions (SSP2-4.5), Fall (SON)",Michigan,Mid-Century,Intermediate emissions (SSP2-4.5),Fall (SON),ArcGIS AIX data file,5/27/25,
Mid-Century/Fall (SON),MC_SSP245_MI_SON_Precip_052725.jpg,"Michigan, Mid-Century, Intermediate emissions (SSP2-4.5), Fall (SON)",Michigan,Mid-Century,Intermediate emissions (SSP2-4.5),Fall (SON),JPEG preview image,5/27/25,
Mid-Century/Spring (MAM),MC_SSP245_MI_MAM_Precip_052725.aix,"Michigan, Mid-Century, Intermediate emissions (SSP2-4.5), Spring (MAM)",Michigan,Mid-Century,Intermediate emissions (SSP2-4.5),Spring (MAM),ArcGIS AIX data file,5/27/25,
Mid-Century/Spring (MAM),MC_SSP245_MI_MAM_Precip_052725.jpg,"Michigan, Mid-Century, Intermediate emissions (SSP2-4.5), Spring (MAM)",Michigan,Mid-Century,Intermediate emissions (SSP2-4.5),Spring (MAM),JPEG preview image,5/27/25,
Mid-Century/Summer (JJA),MC_SSP245_MI_JJA_Precip_052725.aix,"Michigan, Mid-Century, Intermediate emissions (SSP2-4.5), Summer (JJA)",Michigan,Mid-Century,Intermediate emissions (SSP2-4.5),Summer (JJA),ArcGIS AIX data file,5/27/25,
Mid-Century/Summer (JJA),MC_SSP245_MI_JJA_Precip_052725.jpg,"Michigan, Mid-Century, Intermediate emissions (SSP2-4.5), Summer (JJA)",Michigan,Mid-Century,Intermediate emissions (SSP2-4.5),Summer (JJA),JPEG preview image,5/27/25,
Mid-Century/Winter (DJF),MC_SSP245_MI_DJF_Precip_053025.ai,"Michigan, Mid-Century, Intermediate emissions (SSP2-4.5), Winter (DJF)",Michigan,Mid-Century,Intermediate emissions (SSP2-4.5),Winter (DJF),Adobe Illustrator source,5/30/25,
Mid-Century/Winter (DJF),MC_SSP245_MI_DJF_Precip_052725.aix,"Michigan, Mid-Century, Intermediate emissions (SSP2-4.5), Winter (DJF)",Michigan,Mid-Century,Intermediate emissions (SSP2-4.5),Winter (DJF),ArcGIS AIX data file,5/27/25,
Mid-Century/Winter (DJF),MC_SSP245_MI_DJF_Precip_052725.jpg,"Michigan, Mid-Century, Intermediate emissions (SSP2-4.5), Winter (DJF)",Michigan,Mid-Century,Intermediate emissions (SSP2-4.5),Winter (DJF),JPEG preview image,5/27/25,
Mid-Century/Annual,MC_SSP245_MN_Annual_Precip_053025.ai,"Minnesota, Mid-Century, Intermediate emissions (SSP2-4.5), Annual",Minnesota,Mid-Century,Intermediate emissions (SSP2-4.5),Annual,Adobe Illustrator source,5/30/25,
Mid-Century/Annual,MC_SSP245_MN_Annual_Precip_052725.aix,"Minnesota, Mid-Century, Intermediate emissions (SSP2-4.5), Annual",Minnesota,Mid-Century,Intermediate emissions (SSP2-4.5),Annual,ArcGIS AIX data file,5/27/25,
Mid-Century/Annual,MC_SSP245_MN_Annual_Precip_052725.jpg,"Minnesota, Mid-Century, Intermediate emissions (SSP2-4.5), Annual",Minnesota,Mid-Century,Intermediate emissions (SSP2-4.5),Annual,JPEG preview image,5/27/25,
Mid-Century/Fall (SON),MC_SSP245_MN_SON_Precip_052725.aix,"Minnesota, Mid-Century, Intermediate emissions (SSP2-4.5), Fall (SON)",Minnesota,Mid-Century,Intermediate emissions (SSP2-4.5),Fall (SON),ArcGIS AIX data file,5/27/25,
Mid-Century/Fall (SON),MC_SSP245_MN_SON_Precip_052725.jpg,"Minnesota, Mid-Century, Intermediate emissions (SSP2-4.5), Fall (SON)",Minnesota,Mid-Century,Intermediate emissions (SSP2-4.5),Fall (SON),JPEG preview image,5/27/25,
Mid-Century/Spring (MAM),MC_SSP245_MN_MAM_Precip_053025.ai,"Minnesota, Mid-Century, Intermediate emissions (SSP2-4.5), Spring (MAM)",Minnesota,Mid-Century,Intermediate emissions (SSP2-4.5),Spring (MAM),Adobe Illustrator source,5/30/25,
Mid-Century/Spring (MAM),MC_SSP245_MN_MAM_Precip_052725.aix,"Minnesota, Mid-Century, Intermediate emissions (SSP2-4.5), Spring (MAM)",Minnesota,Mid-Century,Intermediate emissions (SSP2-4.5),Spring (MAM),ArcGIS AIX data file,5/27/25,
Mid-Century/Spring (MAM),MC_SSP245_MN_MAM_Precip_052725.jpg,"Minnesota, Mid-Century, Intermediate emissions (SSP2-4.5), Spring (MAM)",Minnesota,Mid-Century,Intermediate emissions (SSP2-4.5),Spring (MAM),JPEG preview image,5/27/25,
Mid-Century/Summer (JJA),MC_SSP245_MN_JJA_Precip_052725.aix,"Minnesota, Mid-Century, Intermediate emissions (SSP2-4.5), Summer (JJA)",Minnesota,Mid-Century,Intermediate emissions (SSP2-4.5),Summer (JJA),ArcGIS AIX data file,5/27/25,
Mid-Century/Summer (JJA),MC_SSP245_MN_JJA_Precip_052725.jpg,"Minnesota, Mid-Century, Intermediate emissions (SSP2-4.5), Summer (JJA)",Minnesota,Mid-Century,Intermediate emissions (SSP2-4.5),Summer (JJA),JPEG preview image,5/27/25,
Mid-Century/Winter (DJF),MC_SSP245_MN_DJF_Precip_052725.aix,"Minnesota, Mid-Century, Intermediate emissions (SSP2-4.5), Winter (DJF)",Minnesota,Mid-Century,Intermediate emissions (SSP2-4.5),Winter (DJF),ArcGIS AIX data file,5/27/25,
Mid-Century/Winter (DJF),MC_SSP245_MN_DJF_Precip_052725.jpg,"Minnesota, Mid-Century, Intermediate emissions (SSP2-4.5), Winter (DJF)",Minnesota,Mid-Century,Intermediate emissions (SSP2-4.5),Winter (DJF),JPEG preview image,5/27/25,
Mid-Century/Annual,MC_SSP245_Precip_Annual_Mississippi.aix,"Mississippi, Mid-Century, Intermediate emissions (SSP2-4.5), Annual",Mississippi,Mid-Century,Intermediate emissions (SSP2-4.5),Annual,ArcGIS AIX data file,7/8/25,
Mid-Century/Annual,MC_SSP245_Precip_Annual_Mississippi.png,"Mississippi, Mid-Century, Intermediate emissions (SSP2-4.5), Annual",Mississippi,Mid-Century,Intermediate emissions (SSP2-4.5),Annual,PNG preview image,7/7/25,
Mid-Century/Fall (SON),MC_SSP245_Precip_Fall_Mississippi.aix,"Mississippi, Mid-Century, Intermediate emissions (SSP2-4.5), Fall (SON)",Mississippi,Mid-Century,Intermediate emissions (SSP2-4.5),Fall (SON),ArcGIS AIX data file,7/8/25,
Mid-Century/Fall (SON),MC_SSP245_Precip_Fall_Mississippi.png,"Mississippi, Mid-Century, Intermediate emissions (SSP2-4.5), Fall (SON)",Mississippi,Mid-Century,Intermediate emissions (SSP2-4.5),Fall (SON),PNG preview image,7/7/25,
Mid-Century/Spring (MAM),MC_SSP245_Precip_Spring_Mississippi.aix,"Mississippi, Mid-Century, Intermediate emissions (SSP2-4.5), Spring (MAM)",Mississippi,Mid-Century,Intermediate emissions (SSP2-4.5),Spring (MAM),ArcGIS AIX data file,7/8/25,
Mid-Century/Spring (MAM),MC_SSP245_Precip_Spring_Mississippi.png,"Mississippi, Mid-Century, Intermediate emissions (SSP2-4.5), Spring (MAM)",Mississippi,Mid-Century,Intermediate emissions (SSP2-4.5),Spring (MAM),PNG preview image,7/7/25,
Mid-Century/Summer (JJA),MC_SSP245_Precip_Summer_Mississippi.ai,"Mississippi, Mid-Century, Intermediate emissions (SSP2-4.5), Summer (JJA)",Mississippi,Mid-Century,Intermediate emissions (SSP2-4.5),Summer (JJA),Adobe Illustrator source,7/8/25,
Mid-Century/Summer (JJA),MC_SSP245_Precip_Summer_Mississippi.aix,"Mississippi, Mid-Century, Intermediate emissions (SSP2-4.5), Summer (JJA)",Mississippi,Mid-Century,Intermediate emissions (SSP2-4.5),Summer (JJA),ArcGIS AIX data file,7/8/25,
Mid-Century/Summer (JJA),MC_SSP245_Precip_Summer_Mississippi.png,"Mississippi, Mid-Century, Intermediate emissions (SSP2-4.5), Summer (JJA)",Mississippi,Mid-Century,Intermediate emissions (SSP2-4.5),Summer (JJA),PNG preview image,7/7/25,
Mid-Century/Winter (DJF),MC_SSP245_Precip_Winter_Mississippi.aix,"Mississippi, Mid-Century, Intermediate emissions (SSP2-4.5), Winter (DJF)",Mississippi,Mid-Century,Intermediate emissions (SSP2-4.5),Winter (DJF),ArcGIS AIX data file,7/8/25,
Mid-Century/Winter (DJF),MC_SSP245_Precip_Winter_Mississippi.png,"Mississippi, Mid-Century, Intermediate emissions (SSP2-4.5), Winter (DJF)",Mississippi,Mid-Century,Intermediate emissions (SSP2-4.5),Winter (DJF),PNG preview image,7/7/25,
Mid-Century/Annual,MC_SSP245_MO_Annual_Precip_053025.ai,"Missouri, Mid-Century, Intermediate emissions (SSP2-4.5), Annual",Missouri,Mid-Century,Intermediate emissions (SSP2-4.5),Annual,Adobe Illustrator source,5/30/25,
Mid-Century/Annual,MC_SSP245_MO_Annual_Precip_052725.aix,"Missouri, Mid-Century, Intermediate emissions (SSP2-4.5), Annual",Missouri,Mid-Century,Intermediate emissions (SSP2-4.5),Annual,ArcGIS AIX data file,5/27/25,
Mid-Century/Annual,MC_SSP245_MO_Annual_Precip_052725.jpg,"Missouri, Mid-Century, Intermediate emissions (SSP2-4.5), Annual",Missouri,Mid-Century,Intermediate emissions (SSP2-4.5),Annual,JPEG preview image,5/27/25,
Mid-Century/Fall (SON),MC_SSP245_MO_SON_Precip_052725.aix,"Missouri, Mid-Century, Intermediate emissions (SSP2-4.5), Fall (SON)",Missouri,Mid-Century,Intermediate emissions (SSP2-4.5),Fall (SON),ArcGIS AIX data file,5/27/25,
Mid-Century/Fall (SON),MC_SSP245_MO_SON_Precip_052725.jpg,"Missouri, Mid-Century, Intermediate emissions (SSP2-4.5), Fall (SON)",Missouri,Mid-Century,Intermediate emissions (SSP2-4.5),Fall (SON),JPEG preview image,5/27/25,
Mid-Century/Spring (MAM),MC_SSP245_MO_MAM_Precip_053025.ai,"Missouri, Mid-Century, Intermediate emissions (SSP2-4.5), Spring (MAM)",Missouri,Mid-Century,Intermediate emissions (SSP2-4.5),Spring (MAM),Adobe Illustrator source,5/30/25,
Mid-Century/Spring (MAM),MC_SSP245_MO_MAM_Precip_052725.aix,"Missouri, Mid-Century, Intermediate emissions (SSP2-4.5), Spring (MAM)",Missouri,Mid-Century,Intermediate emissions (SSP2-4.5),Spring (MAM),ArcGIS AIX data file,5/27/25,
Mid-Century/Spring (MAM),MC_SSP245_MO_MAM_Precip_052725.jpg,"Missouri, Mid-Century, Intermediate emissions (SSP2-4.5), Spring (MAM)",Missouri,Mid-Century,Intermediate emissions (SSP2-4.5),Spring (MAM),JPEG preview image,5/27/25,
Mid-Century/Summer (JJA),MC_SSP245_MO_JJA_Precip_052725.aix,"Missouri, Mid-Century, Intermediate emissions (SSP2-4.5), Summer (JJA)",Missouri,Mid-Century,Intermediate emissions (SSP2-4.5),Summer (JJA),ArcGIS AIX data file,5/27/25,
Mid-Century/Summer (JJA),MC_SSP245_MO_JJA_Precip_052725.jpg,"Missouri, Mid-Century, Intermediate emissions (SSP2-4.5), Summer (JJA)",Missouri,Mid-Century,Intermediate emissions (SSP2-4.5),Summer (JJA),JPEG preview image,5/27/25,
Mid-Century/Winter (DJF),MC_SSP245_MO_DJF_Precip_052725.aix,"Missouri, Mid-Century, Intermediate emissions (SSP2-4.5), Winter (DJF)",Missouri,Mid-Century,Intermediate emissions (SSP2-4.5),Winter (DJF),ArcGIS AIX data file,5/27/25,
Mid-Century/Winter (DJF),MC_SSP245_MO_DJF_Precip_052725.jpg,"Missouri, Mid-Century, Intermediate emissions (SSP2-4.5), Winter (DJF)",Missouri,Mid-Century,Intermediate emissions (SSP2-4.5),Winter (DJF),JPEG preview image,5/27/25,
Mid-Century/Annual,MC_SSP245_NE_Annual_Precip_053025.ai,"Nebraska, Mid-Century, Intermediate emissions (SSP2-4.5), Annual",Nebraska,Mid-Century,Intermediate emissions (SSP2-4.5),Annual,Adobe Illustrator source,5/30/25,
Mid-Century/Annual,MC_SSP245_NE_Annual_Precip_052725.aix,"Nebraska, Mid-Century, Intermediate emissions (SSP2-4.5), Annual",Nebraska,Mid-Century,Intermediate emissions (SSP2-4.5),Annual,ArcGIS AIX data file,5/27/25,
Mid-Century/Annual,MC_SSP245_NE_Annual_Precip_052725.jpg,"Nebraska, Mid-Century, Intermediate emissions (SSP2-4.5), Annual",Nebraska,Mid-Century,Intermediate emissions (SSP2-4.5),Annual,JPEG preview image,5/27/25,
Mid-Century/Fall (SON),MC_SSP245_NE_SON_Precip_052725.aix,"Nebraska, Mid-Century, Intermediate emissions (SSP2-4.5), Fall (SON)",Nebraska,Mid-Century,Intermediate emissions (SSP2-4.5),Fall (SON),ArcGIS AIX data file,5/27/25,
Mid-Century/Fall (SON),MC_SSP245_NE_SON_Precip_052725.jpg,"Nebraska, Mid-Century, Intermediate emissions (SSP2-4.5), Fall (SON)",Nebraska,Mid-Century,Intermediate emissions (SSP2-4.5),Fall (SON),JPEG preview image,5/27/25,
Mid-Century/Spring (MAM),MC_SSP245_NE_MAM_Precip_052725.aix,"Nebraska, Mid-Century, Intermediate emissions (SSP2-4.5), Spring (MAM)",Nebraska,Mid-Century,Intermediate emissions (SSP2-4.5),Spring (MAM),ArcGIS AIX data file,5/27/25,
Mid-Century/Spring (MAM),MC_SSP245_NE_MAM_Precip_052725.jpg,"Nebraska, Mid-Century, Intermediate emissions (SSP2-4.5), Spring (MAM)",Nebraska,Mid-Century,Intermediate emissions (SSP2-4.5),Spring (MAM),JPEG preview image,5/27/25,
Mid-Century/Summer (JJA),MC_SSP245_NE_JJA_Precip_052725.aix,"Nebraska, Mid-Century, Intermediate emissions (SSP2-4.5), Summer (JJA)",Nebraska,Mid-Century,Intermediate emissions (SSP2-4.5),Summer (JJA),ArcGIS AIX data file,5/27/25,
Mid-Century/Summer (JJA),MC_SSP245_NE_JJA_Precip_052725.jpg,"Nebraska, Mid-Century, Intermediate emissions (SSP2-4.5), Summer (JJA)",Nebraska,Mid-Century,Intermediate emissions (SSP2-4.5),Summer (JJA),JPEG preview image,5/27/25,
Mid-Century/Winter (DJF),MC_SSP245_NE_DJF_Precip_053025.ai,"Nebraska, Mid-Century, Intermediate emissions (SSP2-4.5), Winter (DJF)",Nebraska,Mid-Century,Intermediate emissions (SSP2-4.5),Winter (DJF),Adobe Illustrator source,5/30/25,
Mid-Century/Winter (DJF),MC_SSP245_NE_DJF_Precip_052725.aix,"Nebraska, Mid-Century, Intermediate emissions (SSP2-4.5), Winter (DJF)",Nebraska,Mid-Century,Intermediate emissions (SSP2-4.5),Winter (DJF),ArcGIS AIX data file,5/27/25,
Mid-Century/Winter (DJF),MC_SSP245_NE_DJF_Precip_052725.jpg,"Nebraska, Mid-Century, Intermediate emissions (SSP2-4.5), Winter (DJF)",Nebraska,Mid-Century,Intermediate emissions (SSP2-4.5),Winter (DJF),JPEG preview image,5/27/25,
Mid-Century/Annual,MC_SSP245_Precip_Annual_New Hampshire.aix,"New Hampshire, Mid-Century, Intermediate emissions (SSP2-4.5), Annual",New Hampshire,Mid-Century,Intermediate emissions (SSP2-4.5),Annual,ArcGIS AIX data file,8/14/25,
Mid-Century/Annual,MC_SSP245_Precip_Annual_New Hampshire.png,"New Hampshire, Mid-Century, Intermediate emissions (SSP2-4.5), Annual",New Hampshire,Mid-Century,Intermediate emissions (SSP2-4.5),Annual,PNG preview image,7/8/25,
Mid-Century/Fall (SON),MC_SSP245_Precip_Fall_New Hampshire.aix,"New Hampshire, Mid-Century, Intermediate emissions (SSP2-4.5), Fall (SON)",New Hampshire,Mid-Century,Intermediate emissions (SSP2-4.5),Fall (SON),ArcGIS AIX data file,8/14/25,
Mid-Century/Fall (SON),MC_SSP245_Precip_Fall_New Hampshire.png,"New Hampshire, Mid-Century, Intermediate emissions (SSP2-4.5), Fall (SON)",New Hampshire,Mid-Century,Intermediate emissions (SSP2-4.5),Fall (SON),PNG preview image,7/9/25,
Mid-Century/Spring (MAM),MC_SSP245_Precip_Spring_New Hampshire.aix,"New Hampshire, Mid-Century, Intermediate emissions (SSP2-4.5), Spring (MAM)",New Hampshire,Mid-Century,Intermediate emissions (SSP2-4.5),Spring (MAM),ArcGIS AIX data file,8/14/25,
Mid-Century/Spring (MAM),MC_SSP245_Precip_Spring_New Hampshire.png,"New Hampshire, Mid-Century, Intermediate emissions (SSP2-4.5), Spring (MAM)",New Hampshire,Mid-Century,Intermediate emissions (SSP2-4.5),Spring (MAM),PNG preview image,7/9/25,
Mid-Century/Summer (JJA),MC_SSP245_Precip_Summer_New Hampshire.aix,"New Hampshire, Mid-Century, Intermediate emissions (SSP2-4.5), Summer (JJA)",New Hampshire,Mid-Century,Intermediate emissions (SSP2-4.5),Summer (JJA),ArcGIS AIX data file,8/14/25,
Mid-Century/Summer (JJA),MC_SSP245_Precip_Summer_New Hampshire.png,"New Hampshire, Mid-Century, Intermediate emissions (SSP2-4.5), Summer (JJA)",New Hampshire,Mid-Century,Intermediate emissions (SSP2-4.5),Summer (JJA),PNG preview image,7/9/25,
Mid-Century/Winter (DJF),MC_SSP245_Precip_Winter_New Hampshire.aix,"New Hampshire, Mid-Century, Intermediate emissions (SSP2-4.5), Winter (DJF)",New Hampshire,Mid-Century,Intermediate emissions (SSP2-4.5),Winter (DJF),ArcGIS AIX data file,8/14/25,
Mid-Century/Winter (DJF),MC_SSP245_Precip_Winter_New Hampshire.png,"New Hampshire, Mid-Century, Intermediate emissions (SSP2-4.5), Winter (DJF)",New Hampshire,Mid-Century,Intermediate emissions (SSP2-4.5),Winter (DJF),PNG preview image,7/9/25,
Mid-Century/Annual,MC_SSP245_Precip_Annual_New Jersey.aix,"New Jersey, Mid-Century, Intermediate emissions (SSP2-4.5), Annual",New Jersey,Mid-Century,Intermediate emissions (SSP2-4.5),Annual,ArcGIS AIX data file,8/25/25,
Mid-Century/Annual,MC_SSP245_Precip_Annual_New Jersey.png,"New Jersey, Mid-Century, Intermediate emissions (SSP2-4.5), Annual",New Jersey,Mid-Century,Intermediate emissions (SSP2-4.5),Annual,PNG preview image,7/8/25,
Mid-Century/Fall (SON),MC_SSP245_Precip_Fall_New Jersey.aix,"New Jersey, Mid-Century, Intermediate emissions (SSP2-4.5), Fall (SON)",New Jersey,Mid-Century,Intermediate emissions (SSP2-4.5),Fall (SON),ArcGIS AIX data file,8/26/25,
Mid-Century/Fall (SON),MC_SSP245_Precip_Fall_New Jersey.png,"New Jersey, Mid-Century, Intermediate emissions (SSP2-4.5), Fall (SON)",New Jersey,Mid-Century,Intermediate emissions (SSP2-4.5),Fall (SON),PNG preview image,7/9/25,
Mid-Century/Spring (MAM),MC_SSP245_Precip_Spring_New Jersey.aix,"New Jersey, Mid-Century, Intermediate emissions (SSP2-4.5), Spring (MAM)",New Jersey,Mid-Century,Intermediate emissions (SSP2-4.5),Spring (MAM),ArcGIS AIX data file,8/26/25,
Mid-Century/Spring (MAM),MC_SSP245_Precip_Spring_New Jersey.png,"New Jersey, Mid-Century, Intermediate emissions (SSP2-4.5), Spring (MAM)",New Jersey,Mid-Century,Intermediate emissions (SSP2-4.5),Spring (MAM),PNG preview image,7/9/25,
Mid-Century/Summer (JJA),MC_SSP245_Precip_Summer_New Jersey.aix,"New Jersey, Mid-Century, Intermediate emissions (SSP2-4.5), Summer (JJA)",New Jersey,Mid-Century,Intermediate emissions (SSP2-4.5),Summer (JJA),ArcGIS AIX data file,8/26/25,
Mid-Century/Summer (JJA),MC_SSP245_Precip_Summer_New Jersey.png,"New Jersey, Mid-Century, Intermediate emissions (SSP2-4.5), Summer (JJA)",New Jersey,Mid-Century,Intermediate emissions (SSP2-4.5),Summer (JJA),PNG preview image,7/9/25,
Mid-Century/Winter (DJF),MC_SSP245_Precip_Winter_New Jersey.aix,"New Jersey, Mid-Century, Intermediate emissions (SSP2-4.5), Winter (DJF)",New Jersey,Mid-Century,Intermediate emissions (SSP2-4.5),Winter (DJF),ArcGIS AIX data file,8/25/25,
Mid-Century/Winter (DJF),MC_SSP245_Precip_Winter_New Jersey.png,"New Jersey, Mid-Century, Intermediate emissions (SSP2-4.5), Winter (DJF)",New Jersey,Mid-Century,Intermediate emissions (SSP2-4.5),Winter (DJF),PNG preview image,7/9/25,
Mid-Century/Annual,MC_SSP245_Precip_Annual_New York.aix,"New York, Mid-Century, Intermediate emissions (SSP2-4.5), Annual",New York,Mid-Century,Intermediate emissions (SSP2-4.5),Annual,ArcGIS AIX data file,8/26/25,
Mid-Century/Annual,MC_SSP245_Precip_Annual_New York.png,"New York, Mid-Century, Intermediate emissions (SSP2-4.5), Annual",New York,Mid-Century,Intermediate emissions (SSP2-4.5),Annual,PNG preview image,7/8/25,
Mid-Century/Fall (SON),MC_SSP245_Precip_Fall_New York.aix,"New York, Mid-Century, Intermediate emissions (SSP2-4.5), Fall (SON)",New York,Mid-Century,Intermediate emissions (SSP2-4.5),Fall (SON),ArcGIS AIX data file,8/26/25,
Mid-Century/Fall (SON),MC_SSP245_Precip_Fall_New York.png,"New York, Mid-Century, Intermediate emissions (SSP2-4.5), Fall (SON)",New York,Mid-Century,Intermediate emissions (SSP2-4.5),Fall (SON),PNG preview image,7/8/25,
Mid-Century/Spring (MAM),MC_SSP245_Precip_Spring_New York.aix,"New York, Mid-Century, Intermediate emissions (SSP2-4.5), Spring (MAM)",New York,Mid-Century,Intermediate emissions (SSP2-4.5),Spring (MAM),ArcGIS AIX data file,8/26/25,
Mid-Century/Spring (MAM),MC_SSP245_Precip_Spring_New York.png,"New York, Mid-Century, Intermediate emissions (SSP2-4.5), Spring (MAM)",New York,Mid-Century,Intermediate emissions (SSP2-4.5),Spring (MAM),PNG preview image,7/8/25,
Mid-Century/Summer (JJA),MC_SSP245_Precip_Summer_New York.aix,"New York, Mid-Century, Intermediate emissions (SSP2-4.5), Summer (JJA)",New York,Mid-Century,Intermediate emissions (SSP2-4.5),Summer (JJA),ArcGIS AIX data file,8/26/25,
Mid-Century/Summer (JJA),MC_SSP245_Precip_Summer_New York.png,"New York, Mid-Century, Intermediate emissions (SSP2-4.5), Summer (JJA)",New York,Mid-Century,Intermediate emissions (SSP2-4.5),Summer (JJA),PNG preview image,7/8/25,
Mid-Century/Winter (DJF),MC_SSP245_Precip_Winter_New York.aix,"New York, Mid-Century, Intermediate emissions (SSP2-4.5), Winter (DJF)",New York,Mid-Century,Intermediate emissions (SSP2-4.5),Winter (DJF),ArcGIS AIX data file,8/26/25,
Mid-Century/Winter (DJF),MC_SSP245_Precip_Winter_New York.png,"New York, Mid-Century, Intermediate emissions (SSP2-4.5), Winter (DJF)",New York,Mid-Century,Intermediate emissions (SSP2-4.5),Winter (DJF),PNG preview image,7/8/25,
Mid-Century/Annual,MC_SSP245_ND_Annual_Precip_053025.ai,"North Dakota, Mid-Century, Intermediate emissions (SSP2-4.5), Annual",North Dakota,Mid-Century,Intermediate emissions (SSP2-4.5),Annual,Adobe Illustrator source,5/30/25,
Mid-Century/Annual,MC_SSP245_ND_Annual_Precip_052725.aix,"North Dakota, Mid-Century, Intermediate emissions (SSP2-4.5), Annual",North Dakota,Mid-Century,Intermediate emissions (SSP2-4.5),Annual,ArcGIS AIX data file,5/27/25,
Mid-Century/Annual,MC_SSP245_ND_Annual_Precip_052725.jpg,"North Dakota, Mid-Century, Intermediate emissions (SSP2-4.5), Annual",North Dakota,Mid-Century,Intermediate emissions (SSP2-4.5),Annual,JPEG preview image,5/27/25,
Mid-Century/Fall (SON),MC_SSP245_ND_SON_Precip_052725.aix,"North Dakota, Mid-Century, Intermediate emissions (SSP2-4.5), Fall (SON)",North Dakota,Mid-Century,Intermediate emissions (SSP2-4.5),Fall (SON),ArcGIS AIX data file,5/27/25,
Mid-Century/Fall (SON),MC_SSP245_ND_SON_Precip_052725.jpg,"North Dakota, Mid-Century, Intermediate emissions (SSP2-4.5), Fall (SON)",North Dakota,Mid-Century,Intermediate emissions (SSP2-4.5),Fall (SON),JPEG preview image,5/27/25,
Mid-Century/Spring (MAM),MC_SSP245_ND_MAM_Precip_052725.aix,"North Dakota, Mid-Century, Intermediate emissions (SSP2-4.5), Spring (MAM)",North Dakota,Mid-Century,Intermediate emissions (SSP2-4.5),Spring (MAM),ArcGIS AIX data file,5/27/25,
Mid-Century/Spring (MAM),MC_SSP245_ND_MAM_Precip_052725.jpg,"North Dakota, Mid-Century, Intermediate emissions (SSP2-4.5), Spring (MAM)",North Dakota,Mid-Century,Intermediate emissions (SSP2-4.5),Spring (MAM),JPEG preview image,5/27/25,
Mid-Century/Summer (JJA),MC_SSP245_ND_JJA_Precip_052725.aix,"North Dakota, Mid-Century, Intermediate emissions (SSP2-4.5), Summer (JJA)",North Dakota,Mid-Century,Intermediate emissions (SSP2-4.5),Summer (JJA),ArcGIS AIX data file,5/27/25,
Mid-Century/Summer (JJA),MC_SSP245_ND_JJA_Precip_052725.jpg,"North Dakota, Mid-Century, Intermediate emissions (SSP2-4.5), Summer (JJA)",North Dakota,Mid-Century,Intermediate emissions (SSP2-4.5),Summer (JJA),JPEG preview image,5/27/25,
Mid-Century/Winter (DJF),MC_SSP245_ND_DJF_Precip_053025.ai,"North Dakota, Mid-Century, Intermediate emissions (SSP2-4.5), Winter (DJF)",North Dakota,Mid-Century,Intermediate emissions (SSP2-4.5),Winter (DJF),Adobe Illustrator source,5/30/25,
Mid-Century/Winter (DJF),MC_SSP245_ND_DJF_Precip_052725.aix,"North Dakota, Mid-Century, Intermediate emissions (SSP2-4.5), Winter (DJF)",North Dakota,Mid-Century,Intermediate emissions (SSP2-4.5),Winter (DJF),ArcGIS AIX data file,5/27/25,
Mid-Century/Winter (DJF),MC_SSP245_ND_DJF_Precip_052725.jpg,"North Dakota, Mid-Century, Intermediate emissions (SSP2-4.5), Winter (DJF)",North Dakota,Mid-Century,Intermediate emissions (SSP2-4.5),Winter (DJF),JPEG preview image,5/27/25,
Mid-Century/Annual,MC_SSP245_OH_Annual_Precip_053025.ai,"Ohio, Mid-Century, Intermediate emissions (SSP2-4.5), Annual",Ohio,Mid-Century,Intermediate emissions (SSP2-4.5),Annual,Adobe Illustrator source,5/30/25,
Mid-Century/Annual,MC_SSP245_OH_Annual_Precip_052725.aix,"Ohio, Mid-Century, Intermediate emissions (SSP2-4.5), Annual",Ohio,Mid-Century,Intermediate emissions (SSP2-4.5),Annual,ArcGIS AIX data file,5/27/25,
Mid-Century/Annual,MC_SSP245_OH_Annual_Precip_052725.jpg,"Ohio, Mid-Century, Intermediate emissions (SSP2-4.5), Annual",Ohio,Mid-Century,Intermediate emissions (SSP2-4.5),Annual,JPEG preview image,5/27/25,
Mid-Century/Fall (SON),MC_SSP245_OH_SON_Precip_052725.aix,"Ohio, Mid-Century, Intermediate emissions (SSP2-4.5), Fall (SON)",Ohio,Mid-Century,Intermediate emissions (SSP2-4.5),Fall (SON),ArcGIS AIX data file,5/27/25,
Mid-Century/Fall (SON),MC_SSP245_OH_SON_Precip_052725.jpg,"Ohio, Mid-Century, Intermediate emissions (SSP2-4.5), Fall (SON)",Ohio,Mid-Century,Intermediate emissions (SSP2-4.5),Fall (SON),JPEG preview image,5/27/25,
Mid-Century/Spring (MAM),MC_SSP245_OH_MAM_Precip_053025.ai,"Ohio, Mid-Century, Intermediate emissions (SSP2-4.5), Spring (MAM)",Ohio,Mid-Century,Intermediate emissions (SSP2-4.5),Spring (MAM),Adobe Illustrator source,5/30/25,
Mid-Century/Spring (MAM),MC_SSP245_OH_MAM_Precip_052725.aix,"Ohio, Mid-Century, Intermediate emissions (SSP2-4.5), Spring (MAM)",Ohio,Mid-Century,Intermediate emissions (SSP2-4.5),Spring (MAM),ArcGIS AIX data file,5/27/25,
Mid-Century/Spring (MAM),MC_SSP245_OH_MAM_Precip_052725.jpg,"Ohio, Mid-Century, Intermediate emissions (SSP2-4.5), Spring (MAM)",Ohio,Mid-Century,Intermediate emissions (SSP2-4.5),Spring (MAM),JPEG preview image,5/27/25,
Mid-Century/Summer (JJA),MC_SSP245_OH_JJA_Precip_052725.aix,"Ohio, Mid-Century, Intermediate emissions (SSP2-4.5), Summer (JJA)",Ohio,Mid-Century,Intermediate emissions (SSP2-4.5),Summer (JJA),ArcGIS AIX data file,5/27/25,
Mid-Century/Summer (JJA),MC_SSP245_OH_JJA_Precip_052725.jpg,"Ohio, Mid-Century, Intermediate emissions (SSP2-4.5), Summer (JJA)",Ohio,Mid-Century,Intermediate emissions (SSP2-4.5),Summer (JJA),JPEG preview image,5/27/25,
Mid-Century/Winter (DJF),MC_SSP245_OH_DJF_Precip_052725.aix,"Ohio, Mid-Century, Intermediate emissions (SSP2-4.5), Winter (DJF)",Ohio,Mid-Century,Intermediate emissions (SSP2-4.5),Winter (DJF),ArcGIS AIX data file,5/27/25,
Mid-Century/Winter (DJF),MC_SSP245_OH_DJF_Precip_052725.jpg,"Ohio, Mid-Century, Intermediate emissions (SSP2-4.5), Winter (DJF)",Ohio,Mid-Century,Intermediate emissions (SSP2-4.5),Winter (DJF),JPEG preview image,5/27/25,
Mid-Century/Annual,MC_SSP245_Precip_Annual_Oklahoma.aix,"Oklahoma, Mid-Century, Intermediate emissions (SSP2-4.5), Annual",Oklahoma,Mid-Century,Intermediate emissions (SSP2-4.5),Annual,ArcGIS AIX data file,7/8/25,
Mid-Century/Annual,MC_SSP245_Precip_Annual_Oklahoma.png,"Oklahoma, Mid-Century, Intermediate emissions (SSP2-4.5), Annual",Oklahoma,Mid-Century,Intermediate emissions (SSP2-4.5),Annual,PNG preview image,7/7/25,
Mid-Century/Fall (SON),MC_SSP245_Precip_Fall_Oklahoma.aix,"Oklahoma, Mid-Century, Intermediate emissions (SSP2-4.5), Fall (SON)",Oklahoma,Mid-Century,Intermediate emissions (SSP2-4.5),Fall (SON),ArcGIS AIX data file,7/8/25,
Mid-Century/Fall (SON),MC_SSP245_Precip_Fall_Oklahoma.png,"Oklahoma, Mid-Century, Intermediate emissions (SSP2-4.5), Fall (SON)",Oklahoma,Mid-Century,Intermediate emissions (SSP2-4.5),Fall (SON),PNG preview image,7/7/25,
Mid-Century/Spring (MAM),MC_SSP245_Precip_Spring_Oklahoma.aix,"Oklahoma, Mid-Century, Intermediate emissions (SSP2-4.5), Spring (MAM)",Oklahoma,Mid-Century,Intermediate emissions (SSP2-4.5),Spring (MAM),ArcGIS AIX data file,7/8/25,
Mid-Century/Spring (MAM),MC_SSP245_Precip_Spring_Oklahoma.png,"Oklahoma, Mid-Century, Intermediate emissions (SSP2-4.5), Spring (MAM)",Oklahoma,Mid-Century,Intermediate emissions (SSP2-4.5),Spring (MAM),PNG preview image,7/7/25,
Mid-Century/Summer (JJA),MC_SSP245_Precip_Summer_Oklahoma.ai,"Oklahoma, Mid-Century, Intermediate emissions (SSP2-4.5), Summer (JJA)",Oklahoma,Mid-Century,Intermediate emissions (SSP2-4.5),Summer (JJA),Adobe Illustrator source,7/8/25,
Mid-Century/Summer (JJA),MC_SSP245_Precip_Summer_Oklahoma.aix,"Oklahoma, Mid-Century, Intermediate emissions (SSP2-4.5), Summer (JJA)",Oklahoma,Mid-Century,Intermediate emissions (SSP2-4.5),Summer (JJA),ArcGIS AIX data file,7/8/25,
Mid-Century/Summer (JJA),MC_SSP245_Precip_Summer_Oklahoma.png,"Oklahoma, Mid-Century, Intermediate emissions (SSP2-4.5), Summer (JJA)",Oklahoma,Mid-Century,Intermediate emissions (SSP2-4.5),Summer (JJA),PNG preview image,7/7/25,
Mid-Century/Winter (DJF),MC_SSP245_Precip_Winter_Oklahoma.aix,"Oklahoma, Mid-Century, Intermediate emissions (SSP2-4.5), Winter (DJF)",Oklahoma,Mid-Century,Intermediate emissions (SSP2-4.5),Winter (DJF),ArcGIS AIX data file,7/8/25,
Mid-Century/Winter (DJF),MC_SSP245_Precip_Winter_Oklahoma.png,"Oklahoma, Mid-Century, Intermediate emissions (SSP2-4.5), Winter (DJF)",Oklahoma,Mid-Century,Intermediate emissions (SSP2-4.5),Winter (DJF),PNG preview image,7/7/25,
Mid-Century/Annual,MC_SSP245_Precip_Annual_Pennsylvania.aix,"Pennsylvania, Mid-Century, Intermediate emissions (SSP2-4.5), Annual",Pennsylvania,Mid-Century,Intermediate emissions (SSP2-4.5),Annual,ArcGIS AIX data file,8/26/25,
Mid-Century/Annual,MC_SSP245_Precip_Annual_Pennsylvania.png,"Pennsylvania, Mid-Century, Intermediate emissions (SSP2-4.5), Annual",Pennsylvania,Mid-Century,Intermediate emissions (SSP2-4.5),Annual,PNG preview image,7/8/25,
Mid-Century/Fall (SON),MC_SSP245_Precip_Fall_Pennsylvania.aix,"Pennsylvania, Mid-Century, Intermediate emissions (SSP2-4.5), Fall (SON)",Pennsylvania,Mid-Century,Intermediate emissions (SSP2-4.5),Fall (SON),ArcGIS AIX data file,8/26/25,
Mid-Century/Fall (SON),MC_SSP245_Precip_Fall_Pennsylvania.png,"Pennsylvania, Mid-Century, Intermediate emissions (SSP2-4.5), Fall (SON)",Pennsylvania,Mid-Century,Intermediate emissions (SSP2-4.5),Fall (SON),PNG preview image,7/8/25,
Mid-Century/Spring (MAM),MC_SSP245_Precip_Spring_Pennsylvania.aix,"Pennsylvania, Mid-Century, Intermediate emissions (SSP2-4.5), Spring (MAM)",Pennsylvania,Mid-Century,Intermediate emissions (SSP2-4.5),Spring (MAM),ArcGIS AIX data file,8/26/25,
Mid-Century/Spring (MAM),MC_SSP245_Precip_Spring_Pennsylvania.png,"Pennsylvania, Mid-Century, Intermediate emissions (SSP2-4.5), Spring (MAM)",Pennsylvania,Mid-Century,Intermediate emissions (SSP2-4.5),Spring (MAM),PNG preview image,7/8/25,
Mid-Century/Summer (JJA),MC_SSP245_Precip_Summer_Pennsylvania.aix,"Pennsylvania, Mid-Century, Intermediate emissions (SSP2-4.5), Summer (JJA)",Pennsylvania,Mid-Century,Intermediate emissions (SSP2-4.5),Summer (JJA),ArcGIS AIX data file,8/26/25,
Mid-Century/Summer (JJA),MC_SSP245_Precip_Summer_Pennsylvania.png,"Pennsylvania, Mid-Century, Intermediate emissions (SSP2-4.5), Summer (JJA)",Pennsylvania,Mid-Century,Intermediate emissions (SSP2-4.5),Summer (JJA),PNG preview image,7/8/25,
Mid-Century/Winter (DJF),MC_SSP245_Precip_Winter_Pennsylvania.aix,"Pennsylvania, Mid-Century, Intermediate emissions (SSP2-4.5), Winter (DJF)",Pennsylvania,Mid-Century,Intermediate emissions (SSP2-4.5),Winter (DJF),ArcGIS AIX data file,8/26/25,
Mid-Century/Winter (DJF),MC_SSP245_Precip_Winter_Pennsylvania.png,"Pennsylvania, Mid-Century, Intermediate emissions (SSP2-4.5), Winter (DJF)",Pennsylvania,Mid-Century,Intermediate emissions (SSP2-4.5),Winter (DJF),PNG preview image,7/8/25,
Mid-Century/Annual,MC_SSP245_PRUSVI_Annual_Precip_121925.ai,"Puerto Rico & U.S. Virgin Islands, Mid-Century, Intermediate emissions (SSP2-4.5), Annual",Puerto Rico & U.S. Virgin Islands,Mid-Century,Intermediate emissions (SSP2-4.5),Annual,Adobe Illustrator source,12/22/25,
Mid-Century/Annual,MC_SSP245_PRUSVI_Annual_Precip_031326.aix,"Puerto Rico & U.S. Virgin Islands, Mid-Century, Intermediate emissions (SSP2-4.5), Annual",Puerto Rico & U.S. Virgin Islands,Mid-Century,Intermediate emissions (SSP2-4.5),Annual,ArcGIS AIX data file,3/13/26,
Mid-Century/Annual,MC_SSP245_PRUSVI_Annual_Precip_031326.jpg,"Puerto Rico & U.S. Virgin Islands, Mid-Century, Intermediate emissions (SSP2-4.5), Annual",Puerto Rico & U.S. Virgin Islands,Mid-Century,Intermediate emissions (SSP2-4.5),Annual,JPEG preview image,3/13/26,
Mid-Century/Fall (SON),MC_SSP245_PRUSVI_SON_Precip_031326.aix,"Puerto Rico & U.S. Virgin Islands, Mid-Century, Intermediate emissions (SSP2-4.5), Fall (SON)",Puerto Rico & U.S. Virgin Islands,Mid-Century,Intermediate emissions (SSP2-4.5),Fall (SON),ArcGIS AIX data file,3/13/26,
Mid-Century/Fall (SON),MC_SSP245_PRUSVI_SON_Precip_031326.jpg,"Puerto Rico & U.S. Virgin Islands, Mid-Century, Intermediate emissions (SSP2-4.5), Fall (SON)",Puerto Rico & U.S. Virgin Islands,Mid-Century,Intermediate emissions (SSP2-4.5),Fall (SON),JPEG preview image,3/13/26,
Mid-Century/Spring (MAM),MC_SSP245_PRUSVI_MAM_Precip_031326.aix,"Puerto Rico & U.S. Virgin Islands, Mid-Century, Intermediate emissions (SSP2-4.5), Spring (MAM)",Puerto Rico & U.S. Virgin Islands,Mid-Century,Intermediate emissions (SSP2-4.5),Spring (MAM),ArcGIS AIX data file,3/13/26,
Mid-Century/Spring (MAM),MC_SSP245_PRUSVI_MAM_Precip_031326.jpg,"Puerto Rico & U.S. Virgin Islands, Mid-Century, Intermediate emissions (SSP2-4.5), Spring (MAM)",Puerto Rico & U.S. Virgin Islands,Mid-Century,Intermediate emissions (SSP2-4.5),Spring (MAM),JPEG preview image,3/13/26,
Mid-Century/Summer (JJA),MC_SSP245_PRUSVI_JJA_Precip_031326.aix,"Puerto Rico & U.S. Virgin Islands, Mid-Century, Intermediate emissions (SSP2-4.5), Summer (JJA)",Puerto Rico & U.S. Virgin Islands,Mid-Century,Intermediate emissions (SSP2-4.5),Summer (JJA),ArcGIS AIX data file,3/13/26,
Mid-Century/Summer (JJA),MC_SSP245_PRUSVI_JJA_Precip_031326.jpg,"Puerto Rico & U.S. Virgin Islands, Mid-Century, Intermediate emissions (SSP2-4.5), Summer (JJA)",Puerto Rico & U.S. Virgin Islands,Mid-Century,Intermediate emissions (SSP2-4.5),Summer (JJA),JPEG preview image,3/13/26,
Mid-Century/Winter (DJF),MC_SSP245_PRUSVI_DJF_Precip_070626.aix,"Puerto Rico & U.S. Virgin Islands, Mid-Century, Intermediate emissions (SSP2-4.5), Winter (DJF)",Puerto Rico & U.S. Virgin Islands,Mid-Century,Intermediate emissions (SSP2-4.5),Winter (DJF),ArcGIS AIX data file,7/6/26,
Mid-Century/Winter (DJF),MC_SSP245_PRUSVI_DJF_Precip_070626.jpg,"Puerto Rico & U.S. Virgin Islands, Mid-Century, Intermediate emissions (SSP2-4.5), Winter (DJF)",Puerto Rico & U.S. Virgin Islands,Mid-Century,Intermediate emissions (SSP2-4.5),Winter (DJF),JPEG preview image,7/6/26,
Mid-Century/Annual,MC_SSP245_Precip_Annual_Rhode Island.aix,"Rhode Island, Mid-Century, Intermediate emissions (SSP2-4.5), Annual",Rhode Island,Mid-Century,Intermediate emissions (SSP2-4.5),Annual,ArcGIS AIX data file,8/14/25,
Mid-Century/Annual,MC_SSP245_Precip_Annual_Rhode Island.png,"Rhode Island, Mid-Century, Intermediate emissions (SSP2-4.5), Annual",Rhode Island,Mid-Century,Intermediate emissions (SSP2-4.5),Annual,PNG preview image,7/8/25,
Mid-Century/Fall (SON),MC_SSP245_Precip_Fall_Rhode Island.aix,"Rhode Island, Mid-Century, Intermediate emissions (SSP2-4.5), Fall (SON)",Rhode Island,Mid-Century,Intermediate emissions (SSP2-4.5),Fall (SON),ArcGIS AIX data file,8/14/25,
Mid-Century/Fall (SON),MC_SSP245_Precip_Fall_Rhode Island.png,"Rhode Island, Mid-Century, Intermediate emissions (SSP2-4.5), Fall (SON)",Rhode Island,Mid-Century,Intermediate emissions (SSP2-4.5),Fall (SON),PNG preview image,7/9/25,
Mid-Century/Spring (MAM),MC_SSP245_Precip_Spring_Rhode Island.aix,"Rhode Island, Mid-Century, Intermediate emissions (SSP2-4.5), Spring (MAM)",Rhode Island,Mid-Century,Intermediate emissions (SSP2-4.5),Spring (MAM),ArcGIS AIX data file,8/14/25,
Mid-Century/Spring (MAM),MC_SSP245_Precip_Spring_Rhode Island.png,"Rhode Island, Mid-Century, Intermediate emissions (SSP2-4.5), Spring (MAM)",Rhode Island,Mid-Century,Intermediate emissions (SSP2-4.5),Spring (MAM),PNG preview image,7/9/25,
Mid-Century/Summer (JJA),MC_SSP245_Precip_Summer_Rhode Island.aix,"Rhode Island, Mid-Century, Intermediate emissions (SSP2-4.5), Summer (JJA)",Rhode Island,Mid-Century,Intermediate emissions (SSP2-4.5),Summer (JJA),ArcGIS AIX data file,8/14/25,
Mid-Century/Summer (JJA),MC_SSP245_Precip_Summer_Rhode Island.png,"Rhode Island, Mid-Century, Intermediate emissions (SSP2-4.5), Summer (JJA)",Rhode Island,Mid-Century,Intermediate emissions (SSP2-4.5),Summer (JJA),PNG preview image,7/9/25,
Mid-Century/Winter (DJF),MC_SSP245_Precip_Winter_Rhode Island.aix,"Rhode Island, Mid-Century, Intermediate emissions (SSP2-4.5), Winter (DJF)",Rhode Island,Mid-Century,Intermediate emissions (SSP2-4.5),Winter (DJF),ArcGIS AIX data file,8/14/25,
Mid-Century/Winter (DJF),MC_SSP245_Precip_Winter_Rhode Island.png,"Rhode Island, Mid-Century, Intermediate emissions (SSP2-4.5), Winter (DJF)",Rhode Island,Mid-Century,Intermediate emissions (SSP2-4.5),Winter (DJF),PNG preview image,7/9/25,
Mid-Century/Annual,MC_SSP245_SD_Annual_Precip_053025.ai,"South Dakota, Mid-Century, Intermediate emissions (SSP2-4.5), Annual",South Dakota,Mid-Century,Intermediate emissions (SSP2-4.5),Annual,Adobe Illustrator source,5/30/25,
Mid-Century/Annual,MC_SSP245_SD_Annual_Precip_052725.aix,"South Dakota, Mid-Century, Intermediate emissions (SSP2-4.5), Annual",South Dakota,Mid-Century,Intermediate emissions (SSP2-4.5),Annual,ArcGIS AIX data file,5/27/25,
Mid-Century/Annual,MC_SSP245_SD_Annual_Precip_052725.jpg,"South Dakota, Mid-Century, Intermediate emissions (SSP2-4.5), Annual",South Dakota,Mid-Century,Intermediate emissions (SSP2-4.5),Annual,JPEG preview image,5/27/25,
Mid-Century/Fall (SON),MC_SSP245_SD_SON_Precip_052725.aix,"South Dakota, Mid-Century, Intermediate emissions (SSP2-4.5), Fall (SON)",South Dakota,Mid-Century,Intermediate emissions (SSP2-4.5),Fall (SON),ArcGIS AIX data file,5/27/25,
Mid-Century/Fall (SON),MC_SSP245_SD_SON_Precip_052725.jpg,"South Dakota, Mid-Century, Intermediate emissions (SSP2-4.5), Fall (SON)",South Dakota,Mid-Century,Intermediate emissions (SSP2-4.5),Fall (SON),JPEG preview image,5/27/25,
Mid-Century/Spring (MAM),MC_SSP245_SD_MAM_Precip_052725.aix,"South Dakota, Mid-Century, Intermediate emissions (SSP2-4.5), Spring (MAM)",South Dakota,Mid-Century,Intermediate emissions (SSP2-4.5),Spring (MAM),ArcGIS AIX data file,5/27/25,
Mid-Century/Spring (MAM),MC_SSP245_SD_MAM_Precip_052725.jpg,"South Dakota, Mid-Century, Intermediate emissions (SSP2-4.5), Spring (MAM)",South Dakota,Mid-Century,Intermediate emissions (SSP2-4.5),Spring (MAM),JPEG preview image,5/27/25,
Mid-Century/Summer (JJA),MC_SSP245_SD_JJA_Precip_052725.aix,"South Dakota, Mid-Century, Intermediate emissions (SSP2-4.5), Summer (JJA)",South Dakota,Mid-Century,Intermediate emissions (SSP2-4.5),Summer (JJA),ArcGIS AIX data file,5/27/25,
Mid-Century/Summer (JJA),MC_SSP245_SD_JJA_Precip_052725.jpg,"South Dakota, Mid-Century, Intermediate emissions (SSP2-4.5), Summer (JJA)",South Dakota,Mid-Century,Intermediate emissions (SSP2-4.5),Summer (JJA),JPEG preview image,5/27/25,
Mid-Century/Winter (DJF),MC_SSP245_SD_DJF_Precip_053025.ai,"South Dakota, Mid-Century, Intermediate emissions (SSP2-4.5), Winter (DJF)",South Dakota,Mid-Century,Intermediate emissions (SSP2-4.5),Winter (DJF),Adobe Illustrator source,5/30/25,
Mid-Century/Winter (DJF),MC_SSP245_SD_DJF_Precip_052725.aix,"South Dakota, Mid-Century, Intermediate emissions (SSP2-4.5), Winter (DJF)",South Dakota,Mid-Century,Intermediate emissions (SSP2-4.5),Winter (DJF),ArcGIS AIX data file,5/27/25,
Mid-Century/Winter (DJF),MC_SSP245_SD_DJF_Precip_052725.jpg,"South Dakota, Mid-Century, Intermediate emissions (SSP2-4.5), Winter (DJF)",South Dakota,Mid-Century,Intermediate emissions (SSP2-4.5),Winter (DJF),JPEG preview image,5/27/25,
Mid-Century/Annual,MC_SSP245_Precip_Annual_Tennessee.aix,"Tennessee, Mid-Century, Intermediate emissions (SSP2-4.5), Annual",Tennessee,Mid-Century,Intermediate emissions (SSP2-4.5),Annual,ArcGIS AIX data file,7/8/25,
Mid-Century/Annual,MC_SSP245_Precip_Annual_Tennessee.png,"Tennessee, Mid-Century, Intermediate emissions (SSP2-4.5), Annual",Tennessee,Mid-Century,Intermediate emissions (SSP2-4.5),Annual,PNG preview image,7/7/25,
Mid-Century/Fall (SON),MC_SSP245_Precip_Fall_Tennessee.aix,"Tennessee, Mid-Century, Intermediate emissions (SSP2-4.5), Fall (SON)",Tennessee,Mid-Century,Intermediate emissions (SSP2-4.5),Fall (SON),ArcGIS AIX data file,7/8/25,
Mid-Century/Fall (SON),MC_SSP245_Precip_Fall_Tennessee.png,"Tennessee, Mid-Century, Intermediate emissions (SSP2-4.5), Fall (SON)",Tennessee,Mid-Century,Intermediate emissions (SSP2-4.5),Fall (SON),PNG preview image,7/7/25,
Mid-Century/Spring (MAM),MC_SSP245_Precip_Spring_Tennessee.ai,"Tennessee, Mid-Century, Intermediate emissions (SSP2-4.5), Spring (MAM)",Tennessee,Mid-Century,Intermediate emissions (SSP2-4.5),Spring (MAM),Adobe Illustrator source,7/8/25,
Mid-Century/Spring (MAM),MC_SSP245_Precip_Spring_Tennessee.aix,"Tennessee, Mid-Century, Intermediate emissions (SSP2-4.5), Spring (MAM)",Tennessee,Mid-Century,Intermediate emissions (SSP2-4.5),Spring (MAM),ArcGIS AIX data file,7/8/25,
Mid-Century/Spring (MAM),MC_SSP245_Precip_Spring_Tennessee.png,"Tennessee, Mid-Century, Intermediate emissions (SSP2-4.5), Spring (MAM)",Tennessee,Mid-Century,Intermediate emissions (SSP2-4.5),Spring (MAM),PNG preview image,7/7/25,
Mid-Century/Summer (JJA),MC_SSP245_Precip_Summer_Tennessee.aix,"Tennessee, Mid-Century, Intermediate emissions (SSP2-4.5), Summer (JJA)",Tennessee,Mid-Century,Intermediate emissions (SSP2-4.5),Summer (JJA),ArcGIS AIX data file,7/8/25,
Mid-Century/Summer (JJA),MC_SSP245_Precip_Summer_Tennessee.png,"Tennessee, Mid-Century, Intermediate emissions (SSP2-4.5), Summer (JJA)",Tennessee,Mid-Century,Intermediate emissions (SSP2-4.5),Summer (JJA),PNG preview image,7/7/25,
Mid-Century/Winter (DJF),MC_SSP245_Precip_Winter_Tennessee.aix,"Tennessee, Mid-Century, Intermediate emissions (SSP2-4.5), Winter (DJF)",Tennessee,Mid-Century,Intermediate emissions (SSP2-4.5),Winter (DJF),ArcGIS AIX data file,7/8/25,
Mid-Century/Winter (DJF),MC_SSP245_Precip_Winter_Tennessee.png,"Tennessee, Mid-Century, Intermediate emissions (SSP2-4.5), Winter (DJF)",Tennessee,Mid-Century,Intermediate emissions (SSP2-4.5),Winter (DJF),PNG preview image,7/7/25,
Mid-Century/Annual,MC_SSP245_Precip_Annual_Texas.ai,"Texas, Mid-Century, Intermediate emissions (SSP2-4.5), Annual",Texas,Mid-Century,Intermediate emissions (SSP2-4.5),Annual,Adobe Illustrator source,7/8/25,
Mid-Century/Annual,MC_SSP245_Precip_Annual_Texas.aix,"Texas, Mid-Century, Intermediate emissions (SSP2-4.5), Annual",Texas,Mid-Century,Intermediate emissions (SSP2-4.5),Annual,ArcGIS AIX data file,7/8/25,
Mid-Century/Annual,MC_SSP245_Precip_Annual_Texas.png,"Texas, Mid-Century, Intermediate emissions (SSP2-4.5), Annual",Texas,Mid-Century,Intermediate emissions (SSP2-4.5),Annual,PNG preview image,7/7/25,
Mid-Century/Fall (SON),MC_SSP245_Precip_Fall_Texas.aix,"Texas, Mid-Century, Intermediate emissions (SSP2-4.5), Fall (SON)",Texas,Mid-Century,Intermediate emissions (SSP2-4.5),Fall (SON),ArcGIS AIX data file,7/8/25,
Mid-Century/Fall (SON),MC_SSP245_Precip_Fall_Texas.png,"Texas, Mid-Century, Intermediate emissions (SSP2-4.5), Fall (SON)",Texas,Mid-Century,Intermediate emissions (SSP2-4.5),Fall (SON),PNG preview image,7/7/25,
Mid-Century/Spring (MAM),MC_SSP245_Precip_Spring_Texas.aix,"Texas, Mid-Century, Intermediate emissions (SSP2-4.5), Spring (MAM)",Texas,Mid-Century,Intermediate emissions (SSP2-4.5),Spring (MAM),ArcGIS AIX data file,7/8/25,
Mid-Century/Spring (MAM),MC_SSP245_Precip_Spring_Texas.png,"Texas, Mid-Century, Intermediate emissions (SSP2-4.5), Spring (MAM)",Texas,Mid-Century,Intermediate emissions (SSP2-4.5),Spring (MAM),PNG preview image,7/7/25,
Mid-Century/Summer (JJA),MC_SSP245_Precip_Summer_Texas.aix,"Texas, Mid-Century, Intermediate emissions (SSP2-4.5), Summer (JJA)",Texas,Mid-Century,Intermediate emissions (SSP2-4.5),Summer (JJA),ArcGIS AIX data file,7/8/25,
Mid-Century/Summer (JJA),MC_SSP245_Precip_Summer_Texas.png,"Texas, Mid-Century, Intermediate emissions (SSP2-4.5), Summer (JJA)",Texas,Mid-Century,Intermediate emissions (SSP2-4.5),Summer (JJA),PNG preview image,7/7/25,
Mid-Century/Winter (DJF),MC_SSP245_Precip_Winter_Texas.aix,"Texas, Mid-Century, Intermediate emissions (SSP2-4.5), Winter (DJF)",Texas,Mid-Century,Intermediate emissions (SSP2-4.5),Winter (DJF),ArcGIS AIX data file,7/8/25,
Mid-Century/Winter (DJF),MC_SSP245_Precip_Winter_Texas.png,"Texas, Mid-Century, Intermediate emissions (SSP2-4.5), Winter (DJF)",Texas,Mid-Century,Intermediate emissions (SSP2-4.5),Winter (DJF),PNG preview image,7/7/25,
Mid-Century/Annual,MC_SSP245_Precip_Annual_Vermont.aix,"Vermont, Mid-Century, Intermediate emissions (SSP2-4.5), Annual",Vermont,Mid-Century,Intermediate emissions (SSP2-4.5),Annual,ArcGIS AIX data file,8/14/25,
Mid-Century/Annual,MC_SSP245_Precip_Annual_Vermont.png,"Vermont, Mid-Century, Intermediate emissions (SSP2-4.5), Annual",Vermont,Mid-Century,Intermediate emissions (SSP2-4.5),Annual,PNG preview image,7/8/25,
Mid-Century/Fall (SON),MC_SSP245_Precip_Fall_Vermont.aix,"Vermont, Mid-Century, Intermediate emissions (SSP2-4.5), Fall (SON)",Vermont,Mid-Century,Intermediate emissions (SSP2-4.5),Fall (SON),ArcGIS AIX data file,8/14/25,
Mid-Century/Fall (SON),MC_SSP245_Precip_Fall_Vermont.png,"Vermont, Mid-Century, Intermediate emissions (SSP2-4.5), Fall (SON)",Vermont,Mid-Century,Intermediate emissions (SSP2-4.5),Fall (SON),PNG preview image,7/9/25,
Mid-Century/Spring (MAM),MC_SSP245_Precip_Spring_Vermont.aix,"Vermont, Mid-Century, Intermediate emissions (SSP2-4.5), Spring (MAM)",Vermont,Mid-Century,Intermediate emissions (SSP2-4.5),Spring (MAM),ArcGIS AIX data file,8/14/25,
Mid-Century/Spring (MAM),MC_SSP245_Precip_Spring_Vermont.png,"Vermont, Mid-Century, Intermediate emissions (SSP2-4.5), Spring (MAM)",Vermont,Mid-Century,Intermediate emissions (SSP2-4.5),Spring (MAM),PNG preview image,7/9/25,
Mid-Century/Summer (JJA),MC_SSP245_Precip_Summer_Vermont.aix,"Vermont, Mid-Century, Intermediate emissions (SSP2-4.5), Summer (JJA)",Vermont,Mid-Century,Intermediate emissions (SSP2-4.5),Summer (JJA),ArcGIS AIX data file,8/14/25,
Mid-Century/Summer (JJA),MC_SSP245_Precip_Summer_Vermont.png,"Vermont, Mid-Century, Intermediate emissions (SSP2-4.5), Summer (JJA)",Vermont,Mid-Century,Intermediate emissions (SSP2-4.5),Summer (JJA),PNG preview image,7/9/25,
Mid-Century/Winter (DJF),MC_SSP245_Precip_Winter_Vermont.aix,"Vermont, Mid-Century, Intermediate emissions (SSP2-4.5), Winter (DJF)",Vermont,Mid-Century,Intermediate emissions (SSP2-4.5),Winter (DJF),ArcGIS AIX data file,8/14/25,
Mid-Century/Winter (DJF),MC_SSP245_Precip_Winter_Vermont.png,"Vermont, Mid-Century, Intermediate emissions (SSP2-4.5), Winter (DJF)",Vermont,Mid-Century,Intermediate emissions (SSP2-4.5),Winter (DJF),PNG preview image,7/9/25,
Mid-Century/Annual,MC_SSP245_Precip_Annual_West Virginia.aix,"West Virginia, Mid-Century, Intermediate emissions (SSP2-4.5), Annual",West Virginia,Mid-Century,Intermediate emissions (SSP2-4.5),Annual,ArcGIS AIX data file,8/26/25,
Mid-Century/Annual,MC_SSP245_Precip_Annual_West Virginia.png,"West Virginia, Mid-Century, Intermediate emissions (SSP2-4.5), Annual",West Virginia,Mid-Century,Intermediate emissions (SSP2-4.5),Annual,PNG preview image,7/8/25,
Mid-Century/Fall (SON),MC_SSP245_Precip_Fall_West Virginia.aix,"West Virginia, Mid-Century, Intermediate emissions (SSP2-4.5), Fall (SON)",West Virginia,Mid-Century,Intermediate emissions (SSP2-4.5),Fall (SON),ArcGIS AIX data file,8/26/25,
Mid-Century/Fall (SON),MC_SSP245_Precip_Fall_West Virginia.png,"West Virginia, Mid-Century, Intermediate emissions (SSP2-4.5), Fall (SON)",West Virginia,Mid-Century,Intermediate emissions (SSP2-4.5),Fall (SON),PNG preview image,7/8/25,
Mid-Century/Spring (MAM),MC_SSP245_Precip_Spring_West Virginia.aix,"West Virginia, Mid-Century, Intermediate emissions (SSP2-4.5), Spring (MAM)",West Virginia,Mid-Century,Intermediate emissions (SSP2-4.5),Spring (MAM),ArcGIS AIX data file,8/26/25,
Mid-Century/Spring (MAM),MC_SSP245_Precip_Spring_West Virginia.png,"West Virginia, Mid-Century, Intermediate emissions (SSP2-4.5), Spring (MAM)",West Virginia,Mid-Century,Intermediate emissions (SSP2-4.5),Spring (MAM),PNG preview image,7/8/25,
Mid-Century/Summer (JJA),MC_SSP245_Precip_Summer_West Virginia.aix,"West Virginia, Mid-Century, Intermediate emissions (SSP2-4.5), Summer (JJA)",West Virginia,Mid-Century,Intermediate emissions (SSP2-4.5),Summer (JJA),ArcGIS AIX data file,8/26/25,
Mid-Century/Summer (JJA),MC_SSP245_Precip_Summer_West Virginia.png,"West Virginia, Mid-Century, Intermediate emissions (SSP2-4.5), Summer (JJA)",West Virginia,Mid-Century,Intermediate emissions (SSP2-4.5),Summer (JJA),PNG preview image,7/8/25,
Mid-Century/Winter (DJF),MC_SSP245_Precip_Winter_West Virginia.aix,"West Virginia, Mid-Century, Intermediate emissions (SSP2-4.5), Winter (DJF)",West Virginia,Mid-Century,Intermediate emissions (SSP2-4.5),Winter (DJF),ArcGIS AIX data file,8/26/25,
Mid-Century/Winter (DJF),MC_SSP245_Precip_Winter_West Virginia.png,"West Virginia, Mid-Century, Intermediate emissions (SSP2-4.5), Winter (DJF)",West Virginia,Mid-Century,Intermediate emissions (SSP2-4.5),Winter (DJF),PNG preview image,7/8/25,
Mid-Century/Annual,MC_SSP245_WI_Annual_Precip_053025.ai,"Wisconsin, Mid-Century, Intermediate emissions (SSP2-4.5), Annual",Wisconsin,Mid-Century,Intermediate emissions (SSP2-4.5),Annual,Adobe Illustrator source,5/30/25,
Mid-Century/Annual,MC_SSP245_WI_Annual_Precip_052725.aix,"Wisconsin, Mid-Century, Intermediate emissions (SSP2-4.5), Annual",Wisconsin,Mid-Century,Intermediate emissions (SSP2-4.5),Annual,ArcGIS AIX data file,5/27/25,
Mid-Century/Annual,MC_SSP245_WI_Annual_Precip_052725.jpg,"Wisconsin, Mid-Century, Intermediate emissions (SSP2-4.5), Annual",Wisconsin,Mid-Century,Intermediate emissions (SSP2-4.5),Annual,JPEG preview image,5/27/25,
Mid-Century/Fall (SON),MC_SSP245_WI_SON_Precip_052725.aix,"Wisconsin, Mid-Century, Intermediate emissions (SSP2-4.5), Fall (SON)",Wisconsin,Mid-Century,Intermediate emissions (SSP2-4.5),Fall (SON),ArcGIS AIX data file,5/27/25,
Mid-Century/Fall (SON),MC_SSP245_WI_SON_Precip_052725.jpg,"Wisconsin, Mid-Century, Intermediate emissions (SSP2-4.5), Fall (SON)",Wisconsin,Mid-Century,Intermediate emissions (SSP2-4.5),Fall (SON),JPEG preview image,5/27/25,
Mid-Century/Spring (MAM),MC_SSP245_WI_MAM_Precip_053025.ai,"Wisconsin, Mid-Century, Intermediate emissions (SSP2-4.5), Spring (MAM)",Wisconsin,Mid-Century,Intermediate emissions (SSP2-4.5),Spring (MAM),Adobe Illustrator source,5/30/25,
Mid-Century/Spring (MAM),MC_SSP245_WI_MAM_Precip_052725.aix,"Wisconsin, Mid-Century, Intermediate emissions (SSP2-4.5), Spring (MAM)",Wisconsin,Mid-Century,Intermediate emissions (SSP2-4.5),Spring (MAM),ArcGIS AIX data file,5/27/25,
Mid-Century/Spring (MAM),MC_SSP245_WI_MAM_Precip_052725.jpg,"Wisconsin, Mid-Century, Intermediate emissions (SSP2-4.5), Spring (MAM)",Wisconsin,Mid-Century,Intermediate emissions (SSP2-4.5),Spring (MAM),JPEG preview image,5/27/25,
Mid-Century/Summer (JJA),MC_SSP245_WI_JJA_Precip_052725.aix,"Wisconsin, Mid-Century, Intermediate emissions (SSP2-4.5), Summer (JJA)",Wisconsin,Mid-Century,Intermediate emissions (SSP2-4.5),Summer (JJA),ArcGIS AIX data file,5/27/25,
Mid-Century/Summer (JJA),MC_SSP245_WI_JJA_Precip_052725.jpg,"Wisconsin, Mid-Century, Intermediate emissions (SSP2-4.5), Summer (JJA)",Wisconsin,Mid-Century,Intermediate emissions (SSP2-4.5),Summer (JJA),JPEG preview image,5/27/25,
Mid-Century/Winter (DJF),MC_SSP245_WI_DJF_Precip_052725.aix,"Wisconsin, Mid-Century, Intermediate emissions (SSP2-4.5), Winter (DJF)",Wisconsin,Mid-Century,Intermediate emissions (SSP2-4.5),Winter (DJF),ArcGIS AIX data file,5/27/25,
Mid-Century/Winter (DJF),MC_SSP245_WI_DJF_Precip_052725.jpg,"Wisconsin, Mid-Century, Intermediate emissions (SSP2-4.5), Winter (DJF)",Wisconsin,Mid-Century,Intermediate emissions (SSP2-4.5),Winter (DJF),JPEG preview image,5/27/25,
Mid-Century/Annual,MC_SSP245_WY_Annual_Precip_053025.ai,"Wyoming, Mid-Century, Intermediate emissions (SSP2-4.5), Annual",Wyoming,Mid-Century,Intermediate emissions (SSP2-4.5),Annual,Adobe Illustrator source,5/30/25,
Mid-Century/Annual,MC_SSP245_WY_Annual_Precip_052725.aix,"Wyoming, Mid-Century, Intermediate emissions (SSP2-4.5), Annual",Wyoming,Mid-Century,Intermediate emissions (SSP2-4.5),Annual,ArcGIS AIX data file,5/27/25,
Mid-Century/Annual,MC_SSP245_WY_Annual_Precip_052725.jpg,"Wyoming, Mid-Century, Intermediate emissions (SSP2-4.5), Annual",Wyoming,Mid-Century,Intermediate emissions (SSP2-4.5),Annual,JPEG preview image,5/27/25,
Mid-Century/Fall (SON),MC_SSP245_WY_SON_Precip_052725.aix,"Wyoming, Mid-Century, Intermediate emissions (SSP2-4.5), Fall (SON)",Wyoming,Mid-Century,Intermediate emissions (SSP2-4.5),Fall (SON),ArcGIS AIX data file,5/27/25,
Mid-Century/Fall (SON),MC_SSP245_WY_SON_Precip_052725.jpg,"Wyoming, Mid-Century, Intermediate emissions (SSP2-4.5), Fall (SON)",Wyoming,Mid-Century,Intermediate emissions (SSP2-4.5),Fall (SON),JPEG preview image,5/27/25,
Mid-Century/Spring (MAM),MC_SSP245_WY_MAM_Precip_053025.ai,"Wyoming, Mid-Century, Intermediate emissions (SSP2-4.5), Spring (MAM)",Wyoming,Mid-Century,Intermediate emissions (SSP2-4.5),Spring (MAM),Adobe Illustrator source,5/30/25,
Mid-Century/Spring (MAM),MC_SSP245_WY_MAM_Precip_052725.aix,"Wyoming, Mid-Century, Intermediate emissions (SSP2-4.5), Spring (MAM)",Wyoming,Mid-Century,Intermediate emissions (SSP2-4.5),Spring (MAM),ArcGIS AIX data file,5/27/25,
Mid-Century/Spring (MAM),MC_SSP245_WY_MAM_Precip_052725.jpg,"Wyoming, Mid-Century, Intermediate emissions (SSP2-4.5), Spring (MAM)",Wyoming,Mid-Century,Intermediate emissions (SSP2-4.5),Spring (MAM),JPEG preview image,5/27/25,
Mid-Century/Summer (JJA),MC_SSP245_WY_JJA_Precip_052725.aix,"Wyoming, Mid-Century, Intermediate emissions (SSP2-4.5), Summer (JJA)",Wyoming,Mid-Century,Intermediate emissions (SSP2-4.5),Summer (JJA),ArcGIS AIX data file,5/27/25,
Mid-Century/Summer (JJA),MC_SSP245_WY_JJA_Precip_052725.jpg,"Wyoming, Mid-Century, Intermediate emissions (SSP2-4.5), Summer (JJA)",Wyoming,Mid-Century,Intermediate emissions (SSP2-4.5),Summer (JJA),JPEG preview image,5/27/25,
Mid-Century/Winter (DJF),MC_SSP245_WY_DJF_Precip_052725.aix,"Wyoming, Mid-Century, Intermediate emissions (SSP2-4.5), Winter (DJF)",Wyoming,Mid-Century,Intermediate emissions (SSP2-4.5),Winter (DJF),ArcGIS AIX data file,5/27/25,
Mid-Century/Winter (DJF),MC_SSP245_WY_DJF_Precip_052725.jpg,"Wyoming, Mid-Century, Intermediate emissions (SSP2-4.5), Winter (DJF)",Wyoming,Mid-Century,Intermediate emissions (SSP2-4.5),Winter (DJF),JPEG preview image,5/27/25,